Country Name,Country Code,Region,2003_fer,2004_fer,2005_fer,2006_fer,2007_fer,2008_fer,2009_fer,2010_fer,2011_fer,2012_fer,2013_fer,Indicator Name,2003_inc,2004_inc,2005_inc,2006_inc,2007_inc,2008_inc,2009_inc,2010_inc,2011_inc,2012_inc,2013_inc,2003_life,2004_life,2005_life,2006_life,2007_life,2008_life,2009_life,2010_life,2011_life,2012_life,2013_life,2003_population,2004_population,2005_population,2006_population,2007_population,2008_population,2009_population,2010_population,2011_population,2012_population,2013_population
Aruba,ABW,Latin America & Caribbean,1.805,1.786,1.7690000000000001,1.754,1.739,1.726,1.713,1.7009999999999998,1.69,1.681,1.673,Adjusted net national income per capita (current US$),18140.29818,19503.280280000003,16199.59485,20567.526980000002,19423.42895,23229.61361,21289.6466,19741.1498,19960.52121,21038.15112,20841.48947,73.96856098,74.09085366,74.22807317,74.37570732,74.5262439,74.67421951,74.81614634,74.95202439,75.08039024,75.20675609999999,75.33217073,97015.0,98742.0,100031.0,100830.0,101218.0,101342.0,101416.0,101597.0,101936.0,102393.0,102921.0
Angola,AGO,Sub-Saharan Africa,6.742999999999999,6.704,6.657,6.598,6.523,6.434,6.331,6.218,6.099,5.979,5.8629999999999995,Adjusted net national income per capita (current US$),437.00398099999995,440.7527975,563.9345955,856.9122100999999,819.6949892000001,367.194821,735.3808047,1108.338717,1494.2403769999999,1789.7336149999999,2113.866121,47.39317073,48.0035122,48.53880488,49.00704878,49.43573171,49.84739024,50.25102439,50.65417073,51.05931707,51.464,51.86617073,16691395.0,17295500.0,17912942.0,18541467.0,19183907.0,19842251.0,20520103.0,21219954.0,21942296.0,22685632.0,23448202.0
Albania,ALB,Europe & Central Asia,2.097,2.004,1.919,1.849,1.796,1.761,1.744,1.7409999999999999,1.7480000000000002,1.76,1.771,Adjusted net national income per capita (current US$),1743.1141010000001,2232.469483,2500.857583,2808.973837,3333.9961399999997,3961.8994060000005,3622.3301479999996,3530.690656,3853.1653530000003,3644.843103,3937.277061,75.52936585,75.839,76.08939024,76.29053659,76.46485366,76.63231707,76.80187805,76.9785122,77.16321951,77.35046341,77.5372439,3039616.0,3026939.0,3011487.0,2992547.0,2970017.0,2947314.0,2927519.0,2913021.0,2904780.0,2900489.0,2897366.0
United Arab Emirates,ARE,Middle East & North Africa,2.329,2.2359999999999998,2.149,2.0709999999999997,2.004,1.9480000000000002,1.903,1.868,1.841,1.82,1.801,Adjusted net national income per capita (current US$),29500.4259,32307.054289999996,33402.25584,35940.37152,36627.75152,37339.6362,27355.86388,30537.816939999997,34564.77824,36057.06658,38070.0702,75.1244878,75.35573171,75.58195122,75.80012195,76.01121951,76.2147561,76.41070732,76.59860976,76.781,76.95787805,77.13129268,3625798.0,3975945.0,4481976.0,5171255.0,6010100.0,6900142.0,7705423.0,8329453.0,8734722.0,8952542.0,9039978.0
Argentina,ARG,Latin America & Caribbean,2.34,2.31,2.286,2.2680000000000002,2.254,2.241,2.228,2.215,2.201,2.188,2.175,Adjusted net national income per capita (current US$),2675.967837,3176.814458,3794.102817,4893.936048,6111.502302000001,7607.623017,6956.11565,8810.359213,11008.52459,11250.02138,11255.02138,74.35995122,74.55773171,74.75165854,74.94121951,75.12690244,75.30819512,75.48709756,75.66356098,75.83860976,76.01268293,76.18729268,38309475.0,38728778.0,39145491.0,39558750.0,39969903.0,40381860.0,40798641.0,41222875.0,41655616.0,42095224.0,42538304.0
Armenia,ARM,Europe & Central Asia,1.704,1.715,1.724,1.7280000000000002,1.7309999999999999,1.734,1.736,1.7380000000000002,1.7380000000000002,1.739,1.74,Adjusted net national income per capita (current US$),815.8586964,1047.8719,1475.613727,1959.746874,2886.893681,3742.4077899999997,2723.9468309999997,2918.101653,3138.2629660000002,3274.122578,3509.2064219999997,72.61097561,72.97492683,73.28856098,73.54982927,73.76463415,73.94387805,74.09304878,74.21965854,74.33219512,74.43721951,74.5407561,3036420.0,3025982.0,3014917.0,3002161.0,2988117.0,2975029.0,2966108.0,2963496.0,2967984.0,2978339.0,2992192.0
Australia,AUS,East Asia & Pacific,1.7480000000000002,1.768,1.807,1.9080000000000001,1.959,1.963,1.8880000000000001,1.9269999999999998,1.9269999999999998,1.921,1.921,Adjusted net national income per capita (current US$),18692.33705,24091.01179,26280.94334,27559.61245,30843.968689999998,37366.94047,32979.26224,39980.77299,47843.28688,52881.8056,52930.05827,80.23902439,80.4902439,80.84146341,81.04146341,81.29268293,81.39512195,81.54390244,81.69512195,81.89512195,82.04634146,82.19756098,19895400.0,20127400.0,20394800.0,20697900.0,20827600.0,21249200.0,21691700.0,22031750.0,22340024.0,22728254.0,23125868.0
Austria,AUT,Europe & Central Asia,1.38,1.42,1.41,1.41,1.38,1.42,1.39,1.44,1.43,1.44,1.44,Adjusted net national income per capita (current US$),26659.666719999997,30503.875389999997,31819.35887,33999.89118,39077.72145,43498.37128,39512.60002,38977.20713,42632.92867,40022.51845,41671.43331,78.63170732,79.18048780000001,79.33170732,79.8804878,80.18048780000001,80.43170732,80.33170732,80.5804878,80.98292683,80.93658537,80.8902439,8121423.0,8171966.0,8227829.0,8268641.0,8295487.0,8321496.0,8343323.0,8363404.0,8391643.0,8429991.0,8479375.0
Azerbaijan,AZE,Europe & Central Asia,1.9,2.0535,2.0,1.97,1.97,1.9,1.82,1.92,1.96,2.0,2.0,Adjusted net national income per capita (current US$),651.5441168,739.6450732000001,941.5066521,1356.975769,2043.2831219999998,3173.0687940000003,3338.007123,3868.8285200000005,4679.517951,5181.216604,5743.263637,68.00368293,68.47019512,68.93726829,69.37473171,69.756,70.06292683,70.29265854,70.45029268,70.55129268,70.62495122,70.69314634,8234100.0,8306500.0,8391850.0,8484550.0,8581300.0,8763400.0,8947243.0,9054332.0,9173082.0,9295784.0,9416801.0
Burundi,BDI,Sub-Saharan Africa,6.872999999999999,6.803,6.729,6.65,6.567,6.481,6.393,6.303999999999999,6.2139999999999995,6.122999999999999,6.0329999999999995,Adjusted net national income per capita (current US$),48.20587162,65.86510343,85.10330818,102.40585820000001,91.8018775,105.37617350000001,119.66135109999999,149.0493988,155.8471084,178.5315324,182.7131939,49.15695122,49.55809756,50.007,50.49960976,51.02146341,51.55658537,52.09407317,52.62402439,53.13656098,53.6287561,54.09719512,7401215.0,7661613.0,7934213.0,8218070.0,8514578.0,8821795.0,9137786.0,9461117.0,9790151.0,10124572.0,10465959.0
Belgium,BEL,Europe & Central Asia,1.67,1.72,1.76,1.8,1.82,1.85,1.84,1.86,1.81,1.79,1.79,Adjusted net national income per capita (current US$),25925.47388,29906.93792,30912.044060000004,32358.9915,36992.575710000005,40516.28062,36207.840319999996,37246.55427,38918.80983,37079.60198,38281.733060000006,78.12926829,78.87804878,78.9804878,79.3804878,79.78292683,79.68048780000001,79.98292683,80.23414634,80.58536585,80.38536585,80.38536585,10376133.0,10421137.0,10478617.0,10547958.0,10625700.0,10709973.0,10796493.0,10920272.0,11047744.0,11128246.0,11182817.0
Benin,BEN,Sub-Saharan Africa,5.733,5.645,5.553,5.459,5.365,5.273,5.182,5.095,5.01,4.927,4.845,Adjusted net national income per capita (current US$),440.6852135,498.0926018999999,517.4235682,534.0922327999999,598.2518345,697.505049,668.8029439,637.3324259999999,697.1889863,702.1997766,765.858651,56.20807317,56.63317073,57.06697561,57.48687805,57.87387805,58.216,58.5067561,58.74668293,58.94490244,59.1194878,59.28756098,7665681.0,7922796.0,8182362.0,8443717.0,8707637.0,8973525.0,9240982.0,9509798.0,9779391.0,10049792.0,10322232.0
Burkina Faso,BFA,Sub-Saharan Africa,6.403,6.335,6.265,6.193,6.1160000000000005,6.037000000000001,5.954,5.869,5.781000000000001,5.693,5.605,Adjusted net national income per capita (current US$),302.7971452,333.05321749999996,360.59434730000004,370.4385193,411.59476800000004,484.3916393,460.7043452,454.6328971,500.9574975,517.2918109,544.0494449,51.71756098,52.18278049,52.65870732,53.13968293,53.61968293,54.09419512,54.55768293,55.0067561,55.4404878,55.86202439,56.27502439,12651596.0,13028039.0,13421929.0,13834195.0,14264002.0,14709011.0,15165856.0,15632066.0,16106851.0,16590813.0,17084554.0
Bangladesh,BGD,South Asia,2.802,2.702,2.6069999999999998,2.52,2.443,2.377,2.322,2.2769999999999997,2.24,2.208,2.177,Adjusted net national income per capita (current US$),426.34121849999997,455.85024680000004,479.1241574,488.7535371999999,539.9180822000001,622.9765993999999,693.202657,771.8537819000001,845.0189375,872.4031499,964.9418135,66.67092683,67.08597561,67.48956098,67.88726829,68.28314634,68.68070732,69.08192683,69.48580488,69.89180488,70.29485366,70.69339024,138600174.0,140843786.0,142929979.0,144839238.0,146592687.0,148252473.0,149905836.0,151616777.0,153405612.0,155257387.0,157157394.0
Bulgaria,BGR,Europe & Central Asia,1.23,1.29,1.32,1.38,1.49,1.56,1.66,1.57,1.51,1.5,1.5,Adjusted net national income per capita (current US$),2347.146468,2909.546448,3298.144843,3684.6993770000004,4593.209376,5974.018148,5802.644668,5580.342227,6347.049895,6166.781592,6365.92673,72.06585366,72.56341463,72.56097561,72.61219512,72.66341463,72.96341463,73.41219512,73.51219512,74.16341463,74.31463415,74.46585366,7823557.0,7781161.0,7739900.0,7699020.0,7545338.0,7492561.0,7444443.0,7395599.0,7348328.0,7305888.0,7265115.0
Bahrain,BHR,Middle East & North Africa,2.602,2.529,2.449,2.367,2.292,2.229,2.1790000000000003,2.142,2.115,2.094,2.075,Adjusted net national income per capita (current US$),11781.04773,13263.90338,15349.320880000001,16546.722869999998,18240.6189,19603.73632,15292.56708,16640.902990000002,17097.5868,17755.55858,18546.64422,75.1407561,75.31880488,75.49231707,75.66073171,75.82300000000001,75.97660976,76.12404878,76.26485366,76.40204878,76.53619512,76.66987805,761595.0,807989.0,867014.0,940808.0,1026568.0,1115777.0,1196774.0,1261319.0,1306014.0,1333577.0,1349427.0
"Bahamas, The",BHS,Latin America & Caribbean,1.88,1.857,1.8530000000000002,1.8619999999999999,1.876,1.889,1.8980000000000001,1.901,1.8980000000000001,1.893,1.8880000000000001,Adjusted net national income per capita (current US$),25978.06291,26001.56522,27751.33582,27937.18937,28694.869689999996,28294.06457,26118.503090000002,25824.37798,25501.23098,27292.034710000004,26706.32662,73.12729268,73.39465854,73.63887805,73.85895122,74.05946341,74.24743902,74.42390244,74.59239024,74.75490244,74.91446341,75.07256098,315757.0,322539.0,329243.0,335801.0,342259.0,348587.0,354780.0,360830.0,366711.0,372388.0,377841.0
Bosnia and Herzegovina,BIH,Europe & Central Asia,1.236,1.21,1.199,1.199,1.207,1.218,1.23,1.242,1.255,1.268,1.2830000000000001,Adjusted net national income per capita (current US$),2207.432143,2710.725694,2839.183562,3200.443288,3834.9233659999995,4677.422302,4328.819641,4124.585692000001,4435.963518,4117.081081,4494.397476,75.0104878,75.04107317,75.11239024,75.23095122,75.3704878,75.51097561,75.65587805,75.80668293,75.96241463,76.12114634,76.27990244,3817313.0,3825872.0,3833377.0,3838504.0,3840418.0,3839749.0,3837732.0,3835258.0,3832310.0,3828419.0,3823533.0
Belarus,BLR,Europe & Central Asia,1.21,1.2,1.21,1.287,1.37,1.42,1.42,1.44,1.51,1.62,1.62,Adjusted net national income per capita (current US$),1614.572746,2125.492754,2797.5987649999997,3432.844067,4208.297473,5686.137618,4721.516431,5505.328487,5804.492263,6159.759883,6989.665648,68.55365854,68.95609756,68.85121951,69.40487805,70.20341463,70.45609756,70.40731707,70.40487805,70.55365854,71.96585366,72.47073171,9797000.0,9730000.0,9663000.0,9604000.0,9560000.0,9528000.0,9507000.0,9490000.0,9473000.0,9464000.0,9466000.0
Belize,BLZ,Latin America & Caribbean,3.299,3.208,3.122,3.043,2.971,2.907,2.8510000000000004,2.801,2.7560000000000002,2.715,2.676,Adjusted net national income per capita (current US$),2808.184648,2845.075458,2944.12517,3028.68568,2996.285792,2987.9275079999998,3143.729167,3022.698452,3209.11089,3360.6868990000003,3446.9797840000006,71.45339024,71.7594878,72.04631707,72.31236585,72.56373171,72.80770732,73.04324390000001,73.2704878,73.48780488,73.69914634,73.90487805,269132.0,276085.0,283279.0,290751.0,298403.0,306165.0,313925.0,321609.0,329193.0,336707.0,344193.0
Bolivia,BOL,Latin America & Caribbean,3.897,3.8089999999999997,3.72,3.633,3.551,3.477,3.4130000000000003,3.3569999999999998,3.3080000000000003,3.264,3.221,Adjusted net national income per capita (current US$),775.2611822,803.6674373,830.5438014,944.4793967,1047.31005,1351.547368,1425.52785,1545.671016,1794.730598,1919.282805,2125.486682,64.02026829,64.3635122,64.70078049,65.03309756,65.36190244,65.68570732,66.00546341,66.31970732,66.62692683,66.92663415,67.21736585,8810420.0,8967740.0,9125405.0,9283345.0,9441482.0,9599916.0,9758799.0,9918245.0,10078238.0,10238762.0,10399931.0
Brazil,BRA,Latin America & Caribbean,2.202,2.135,2.066,2.001,1.944,1.8969999999999998,1.8619999999999999,1.838,1.8219999999999998,1.811,1.801,Adjusted net national income per capita (current US$),2571.6358760000003,3022.800424,3970.1929630000004,4890.499034,6112.746122,7246.183776999999,7271.044572,9337.194188,10986.60762,10327.386040000001,10414.89321,71.15960976,71.44178049,71.71853659,71.99178049,72.26290244,72.53387805,72.80417073,73.07531707,73.34736585,73.61787805,73.88595122,183627339.0,186116363.0,188479240.0,190698241.0,192784521.0,194769696.0,196701298.0,198614208.0,200517584.0,202401584.0,204259377.0
Barbados,BRB,Latin America & Caribbean,1.801,1.81,1.817,1.8219999999999998,1.827,1.831,1.835,1.839,1.8419999999999999,1.845,1.849,Adjusted net national income per capita (current US$),10277.21823,10974.393109999999,12021.46414,12610.251479999999,14242.85701,14314.47395,13590.948180000001,13912.73657,13559.81616,13915.282790000001,13823.75094,73.58765854,73.77004878,73.94895122,74.12482927,74.29721951,74.46758537,74.63543902,74.80178049,74.96714634,75.13202439,75.29641463,272261.0,273091.0,274013.0,275040.0,276154.0,277315.0,278466.0,279566.0,280602.0,281580.0,282503.0
Brunei Darussalam,BRN,East Asia & Pacific,2.249,2.211,2.177,2.147,2.119,2.095,2.072,2.051,2.031,2.012,1.994,Adjusted net national income per capita (current US$),13709.84741,15837.07359,17906.87905,19723.31541,21390.70682,25803.04473,20864.01535,25507.665,31907.09945,33687.53462,33729.41314,76.6424878,76.83931707,77.03268293,77.22460976,77.41609756,77.60619512,77.79787805,77.98865854,78.18102439,78.37346341,78.56643902,349557.0,355700.0,361889.0,368150.0,374459.0,380786.0,387080.0,393302.0,399443.0,405512.0,411499.0
Bhutan,BTN,South Asia,3.071,2.923,2.793,2.682,2.5869999999999997,2.506,2.436,2.375,2.322,2.275,2.2319999999999998,Adjusted net national income per capita (current US$),878.4962145,976.5317796,1132.874812,1231.248825,1588.730758,1629.481869,1602.781117,1930.880875,2184.449891,2137.433675,2114.268085,62.55412195,63.3005122,64.02641463,64.71831707,65.36573171,65.96268293,66.50768293,67.00468293,67.46073171,67.88926829,68.30231707,616474.0,634235.0,651163.0,666920.0,681471.0,694990.0,707830.0,720246.0,732246.0,743711.0,754637.0
Botswana,BWA,Sub-Saharan Africa,3.148,3.0789999999999997,3.017,2.9619999999999997,2.91,2.86,2.8110000000000004,2.761,2.7119999999999997,2.665,2.6189999999999998,Adjusted net national income per capita (current US$),3097.509404,3523.983516,4002.04617,3860.74044,4059.6377829999997,3990.316497,3638.6702990000003,4648.767597999999,6135.567903,5632.09664,5429.364124000001,47.7454878,47.15543902,46.72695122,46.44797561,46.29609756,46.25036585,46.30026829,46.44029268,46.66895122,46.99070732,47.40560976,1810438.0,1835750.0,1864003.0,1895671.0,1930431.0,1967866.0,2007212.0,2047831.0,2089706.0,2132822.0,2176510.0
Central African Republic,CAF,Sub-Saharan Africa,5.257000000000001,5.176,5.0889999999999995,4.997,4.9030000000000005,4.809,4.716,4.626,4.538,4.4510000000000005,4.365,Adjusted net national income per capita (current US$),273.0800587,296.77642030000004,307.9446445,329.3945413,373.4964417,423.429115,415.63784280000004,411.6333611,447.1520569,430.28887599999996,278.9990012,44.22390244,44.56782927,44.99592683,45.50819512,46.0912439,46.72912195,47.40492683,48.09873171,48.79304878,49.47539024,50.13680488,3923294.0,3987896.0,4055608.0,4127112.0,4202104.0,4280405.0,4361492.0,4444973.0,4530903.0,4619500.0,4710678.0
Canada,CAN,North America,1.53,1.53,1.54,1.5862,1.6589,1.6808,1.6680000000000001,1.6269,1.61,1.61,1.61,Adjusted net national income per capita (current US$),22832.11148,25942.070040000002,29559.952810000003,32803.911510000005,36272.00856,37735.73791,32883.990289999994,38427.36803,42189.913,42696.49321,42650.047210000004,79.83902439,80.14146341,80.29268293,80.64390244,80.36987805,80.54321951,80.71709756,80.8934878,81.06831707,81.23804878,81.40112195,31676000.0,31995000.0,32312000.0,32570505.0,32887928.0,33245773.0,33628571.0,34005274.0,34342780.0,34754312.0,35158304.0
Switzerland,CHE,Europe & Central Asia,1.39,1.42,1.42,1.44,1.46,1.48,1.5,1.52,1.52,1.52,1.52,Adjusted net national income per capita (current US$),40888.729,45380.38658,47905.92573,49973.52253,50935.75482,52730.128339999996,56265.65474,63531.5183,71212.45819,68125.90071,69068.37246,80.53658537,81.08780488,81.23658537,81.4902439,81.74146341,81.99268293,82.04390244,82.24634146,82.69512195,82.69756098,82.74878049,7339001.0,7389625.0,7437115.0,7483934.0,7551117.0,7647675.0,7743831.0,7824909.0,7912398.0,7996861.0,8089346.0
Chile,CHL,Latin America & Caribbean,1.985,1.96,1.939,1.92,1.903,1.8880000000000001,1.8730000000000002,1.858,1.844,1.8319999999999999,1.82,Adjusted net national income per capita (current US$),3698.064182,4492.859799,5427.995209000001,6019.400536,6792.520614,7466.005714,7436.745192,9146.420113,10600.763429999999,11471.48641,11982.734359999999,77.73792683,77.95980488,78.13721951,78.2897561,78.44297561,78.61741463,78.81858537,79.05046341,79.3065122,79.57265854,79.83680488,15729268.0,15913119.0,16096571.0,16279728.0,16462701.0,16645940.0,16829957.0,17015048.0,17201305.0,17388437.0,17575833.0
China,CHN,East Asia & Pacific,1.546,1.5659999999999998,1.585,1.6019999999999999,1.617,1.63,1.642,1.65,1.6569999999999998,1.663,1.6680000000000001,Adjusted net national income per capita (current US$),1070.1077460000001,1229.487155,1408.843621,1678.5386059999998,2131.6996649999996,2652.383066,3012.455861,3459.181815,4124.14412,4770.882242000001,5262.94989,73.46509756,73.79370732,74.05390244,74.25631707,74.42407317,74.57982927,74.73163415,74.88502439,75.042,75.1995122,75.35302439,1288400000.0,1296075000.0,1303720000.0,1311020000.0,1317885000.0,1324655000.0,1331260000.0,1337705000.0,1344130000.0,1350695000.0,1357380000.0
Cameroon,CMR,Sub-Saharan Africa,5.4639999999999995,5.412999999999999,5.358,5.2989999999999995,5.235,5.167000000000001,5.093999999999999,5.0169999999999995,4.939,4.859,4.78,Adjusted net national income per capita (current US$),731.2927252000001,852.3159565,833.8387022000001,870.1969109999999,961.1330707999998,1080.391857,1109.964379,1059.839636,1143.262807,1090.873151,1183.829422,51.63904878,51.716487799999996,51.88904878,52.1502439,52.47914634,52.85582927,53.26485366,53.69482927,54.13736585,54.5875122,55.04180488,17218591.0,17667576.0,18126999.0,18597109.0,19078100.0,19570418.0,20074522.0,20590666.0,21119065.0,21659488.0,22211166.0
"Congo, Rep.",COG,Sub-Saharan Africa,5.125,5.122000000000001,5.119,5.114,5.109,5.101,5.0889999999999995,5.072,5.046,5.012,4.968999999999999,Adjusted net national income per capita (current US$),332.1791994,247.9608872,130.91674740000002,76.77016137,325.98414489999993,483.4634387,583.8814765999999,492.1510107,349.5246288,514.5000084,831.4371518999999,53.04880488,53.49965854,54.03329268,54.63426829,55.27617073,55.93404878,56.584487800000005,57.20402439,57.77521951,58.29656098,58.77,3331564.0,3412592.0,3503086.0,3604595.0,3715665.0,3832771.0,3950786.0,4066078.0,4177435.0,4286188.0,4394334.0
Colombia,COL,Latin America & Caribbean,2.542,2.5180000000000002,2.496,2.475,2.454,2.43,2.405,2.376,2.346,2.316,2.286,Adjusted net national income per capita (current US$),1833.468725,2226.045738,2704.342669,2950.936244,3740.1163189999997,4267.188126,4172.011898,5024.446509,5622.306479,6268.804132,6466.229975,71.771,72.01860976,72.26060976,72.49558537,72.72304878,72.94353659,73.15807317,73.36768293,73.57385366,73.77707317,73.97882927,42152147.0,42724157.0,43285636.0,43835744.0,44374647.0,44901660.0,45416276.0,45918101.0,46406446.0,46881018.0,47342363.0
Comoros,COM,Sub-Saharan Africa,5.2829999999999995,5.254,5.216,5.167999999999999,5.112,5.051,4.986000000000001,4.919,4.85,4.782,4.7139999999999995,Adjusted net national income per capita (current US$),828.8725968,937.6529232,946.9018742999999,985.8955357000001,1098.8706949999998,1228.953999,1181.28912,1172.448109,1304.130057,1275.8556939999999,1380.14183,58.58314634,58.81804878,59.05239024,59.28604878,59.519,59.74970732,59.97817073,60.20341463,60.4254878,60.644,60.8574878,589500.0,603869.0,618632.0,633814.0,649404.0,665414.0,681845.0,698695.0,715972.0,733661.0,751697.0
Cabo Verde,CPV,Sub-Saharan Africa,3.1919999999999997,3.037,2.895,2.77,2.66,2.5669999999999997,2.49,2.427,2.375,2.331,2.292,Adjusted net national income per capita (current US$),1482.5369039999998,1658.6753210000002,1658.0377839999999,1838.0996910000001,2548.167981,2932.5462399999997,2739.14465,2554.300743,2842.572186,2584.111428,2626.864389,70.96826829,71.42260976,71.86658537,72.29609756,72.71063415,73.10963415,73.49158537,73.85697561,74.20682927,74.54373171,74.87068293,462675.0,468985.0,474224.0,478265.0,481278.0,483824.0,486673.0,490379.0,495159.0,500870.0,507258.0
Costa Rica,CRI,Latin America & Caribbean,2.204,2.134,2.0669999999999997,2.006,1.953,1.909,1.874,1.847,1.827,1.81,1.795,Adjusted net national income per capita (current US$),3661.633476,3902.471417,4161.112684000001,4682.672591,5501.072788,6274.426882,6074.464421,7299.732559,8186.236725,8946.415326999999,9412.029394,78.18239024,78.31417073,78.44602439,78.58451219999999,78.73465854,78.90048780000001,79.0825122,79.27970732,79.48956098,79.70502439,79.921,4125970.0,4187039.0,4247843.0,4308790.0,4369465.0,4429506.0,4488261.0,4545273.0,4600487.0,4654148.0,4706433.0
Cuba,CUB,Latin America & Caribbean,1.61,1.5919999999999999,1.57,1.545,1.52,1.4980000000000002,1.48,1.4669999999999999,1.459,1.453,1.449,Adjusted net national income per capita (current US$),2754.790625,2906.686772,3245.73596,4020.477669,4338.674714,4565.675604,4672.838251,4815.756776,5172.233314,5495.624094,5812.226107,77.27768293,77.49014634,77.70690244,77.92509756,78.13743902,78.34104878,78.53399999999999,78.71778049,78.89382927,79.06702439,79.23926829,11214837.0,11240680.0,11261052.0,11275199.0,11284043.0,11290239.0,11297442.0,11308133.0,11323570.0,11342631.0,11362505.0
Cyprus,CYP,Europe & Central Asia,1.577,1.5490000000000002,1.5290000000000001,1.514,1.5030000000000001,1.493,1.485,1.4780000000000002,1.47,1.465,1.4609999999999999,Adjusted net national income per capita (current US$),17070.37825,19689.5323,20800.56608,22245.884980000003,25818.095709999998,30704.898999999998,26832.79425,26205.3584,28305.133410000002,24474.9993,23132.882840000002,78.35304878,78.47634146,78.60119512,78.72914634,78.86373171,79.00495122,79.15382927,79.30982927,79.47195122,79.63712195,79.80431707,998150.0,1015827.0,1032586.0,1048293.0,1063040.0,1077010.0,1090486.0,1103685.0,1116644.0,1129303.0,1141652.0
Czech Republic,CZE,Europe & Central Asia,1.18,1.23,1.29,1.34,1.45,1.51,1.51,1.51,1.43,1.45,1.45,Adjusted net national income per capita (current US$),7290.5190299999995,8608.906606999999,9979.214321,11196.94838,13503.48744,16506.566740000002,14036.106780000002,14047.23332,15388.472380000001,14256.00686,14326.04027,75.17073171,75.72195122,75.92439024,76.52439024,76.72439024,76.97560976,77.07804878,77.42439024,77.87317073,78.07560976,78.27804878,10193998.0,10197101.0,10211216.0,10238905.0,10298828.0,10384603.0,10443936.0,10474410.0,10496088.0,10510785.0,10514272.0
Germany,DEU,Europe & Central Asia,1.34,1.36,1.34,1.33,1.37,1.38,1.36,1.39,1.36,1.38,1.38,Adjusted net national income per capita (current US$),24843.925769999998,28588.363680000002,29096.59256,30860.695760000002,35350.97743,38244.2922,34924.45517,35069.50969,39671.91268,37241.184389999995,39257.73989,78.3804878,78.68048780000001,78.93170732,79.13170732,79.53414634,79.73658537,79.83658537,79.98780488,80.74146341,80.89268293,81.04390244,82534176.0,82516260.0,82469422.0,82376451.0,82266372.0,82110097.0,81902307.0,81776930.0,81797673.0,80425823.0,80645605.0
Denmark,DNK,Europe & Central Asia,1.76,1.78,1.8,1.85,1.84,1.89,1.84,1.87,1.75,1.73,1.73,Adjusted net national income per capita (current US$),32848.674739999995,38091.59747,40328.31992,43125.95105,47963.95498,52148.733680000005,47491.41352,47972.22347,51243.68428,48824.98488,51808.66797,77.14390244,77.49268293,77.84390244,78.09512195,78.19512195,78.44634146,78.59756098,79.1,79.8,80.05121951,80.30243902,5390574.0,5404523.0,5419432.0,5437272.0,5461438.0,5493621.0,5523095.0,5547683.0,5570572.0,5591572.0,5614932.0
Dominican Republic,DOM,Latin America & Caribbean,2.8089999999999997,2.781,2.7510000000000003,2.719,2.6860000000000004,2.6519999999999997,2.6180000000000003,2.5839999999999996,2.551,2.517,2.484,Adjusted net national income per capita (current US$),2097.337712,2154.1249789999997,3551.606716,3695.1199420000003,4175.26562,4677.230778,4662.7096950000005,5124.048861,5391.451828,5578.7918979999995,5591.836333,71.26085366,71.47507317,71.69141463,71.90934146,72.12931707,72.34978049,72.57121951,72.79214634,73.01304878,73.23297561,73.45095122,8967759.0,9102997.0,9237565.0,9371333.0,9504336.0,9636491.0,9767737.0,9897983.0,10027140.0,10155036.0,10281408.0
Algeria,DZA,Middle East & North Africa,2.412,2.448,2.5069999999999997,2.58,2.656,2.725,2.781,2.8169999999999997,2.8289999999999997,2.82,2.795,Adjusted net national income per capita (current US$),1540.930006,1885.389668,2060.283856,2275.835831,2761.031849,3441.991222,2927.644462,3407.251171,3963.324724,4050.21111,4036.0336840000004,69.4862439,69.66387805,69.83860976,70.00836585,70.17104878,70.32707317,70.47492683,70.61660976,70.75168293,70.88217073,71.00965854,32394886.0,32817225.0,33267887.0,33749328.0,34261971.0,34811059.0,35401790.0,36036159.0,36717132.0,37439427.0,38186135.0
Ecuador,ECU,Latin America & Caribbean,2.94,2.897,2.853,2.81,2.7680000000000002,2.728,2.69,2.655,2.622,2.59,2.559,Adjusted net national income per capita (current US$),1936.4648809999999,2059.0253390000003,2234.727498,2441.617319,2659.710853,3214.018207,3408.036821,3667.0114719999997,4077.5544689999997,4496.325158,4845.742869,74.23899999999999,74.44714634,74.62899999999999,74.80004878,74.97873171,75.17651219999999,75.39934146,75.64770732,75.91660976,76.19256098,76.46507317,13289600.0,13509645.0,13735232.0,13967490.0,14205479.0,14447600.0,14691310.0,14934692.0,15177280.0,15419493.0,15661312.0
"Egypt, Arab Rep.",EGY,Middle East & North Africa,3.134,3.091,3.053,3.02,2.987,2.9539999999999997,2.9189999999999996,2.883,2.845,2.807,2.77,Adjusted net national income per capita (current US$),1012.7619380000001,923.3107881000001,994.0048457,1177.063978,1427.305143,1700.6438039999998,2029.266646,2258.1736530000003,2310.599898,2746.79929,2776.147739,69.1074878,69.26382927,69.43114634,69.61390244,69.80856098,70.01360976,70.22802439,70.45082927,70.67856098,70.9072439,71.13292683,72247626.0,73596068.0,74942115.0,76274285.0,77605327.0,78976122.0,80442443.0,82040994.0,83787634.0,85660902.0,87613909.0
Spain,ESP,Europe & Central Asia,1.3,1.31,1.33,1.36,1.38,1.45,1.38,1.37,1.34,1.32,1.32,Adjusted net national income per capita (current US$),18313.34008,21086.52013,22186.71756,23670.96341,26876.46607,29024.29303,26397.45391,25097.787809999998,25696.5583,23291.93435,23746.4106,79.6195122,79.87073171,80.17073171,80.82195122,80.87317073,81.17560976,81.47560976,81.62682927,82.47560976,82.42682927,82.42682927,42187645.0,42921895.0,43653155.0,44397319.0,45226803.0,45954106.0,46362946.0,46576897.0,46742697.0,46773055.0,46620045.0
Estonia,EST,Europe & Central Asia,1.37,1.47,1.52,1.58,1.69,1.72,1.7,1.72,1.61,1.56,1.56,Adjusted net national income per capita (current US$),5881.500773,7260.1352719999995,8609.488068,10333.65828,13299.434070000001,14508.7452,11730.983259999999,11363.22057,13769.5831,13933.111669999998,15517.39835,71.31707317,71.9097561,72.56829268,72.69146341,72.81463415,73.77073171,74.82439024,75.42926829,76.22926829,76.32682927,76.42439024,1370720.0,1362550.0,1354775.0,1346810.0,1340680.0,1337090.0,1334515.0,1331475.0,1327439.0,1322696.0,1317997.0
Ethiopia,ETH,Sub-Saharan Africa,6.046,5.87,5.693,5.52,5.353,5.193,5.043,4.902,4.769,4.6419999999999995,4.519,Adjusted net national income per capita (current US$),72.80117946,92.86845034,117.19829979999999,143.8181908,176.1021687,244.75566459999996,287.2979486,259.0775625,263.2960687,350.8441096,373.9222547,54.60885366,55.56134146,56.57180488,57.61521951,58.65365854,59.65626829,60.60014634,61.46795122,62.25285366,62.96595122,63.61734146,72432290.0,74506974.0,76608431.0,78735675.0,80891968.0,83079608.0,85302099.0,87561814.0,89858696.0,92191211.0,94558374.0
Finland,FIN,Europe & Central Asia,1.76,1.8,1.8,1.84,1.83,1.85,1.86,1.87,1.83,1.8,1.8,Adjusted net national income per capita (current US$),26951.96123,31345.99306,32213.045339999997,34303.034060000005,39994.426960000004,43763.56603,38546.71448,37972.25819,41496.64912,38463.64398,40209.10777,78.36829268,78.71463415,78.81707317,79.21463415,79.26341463,79.56829268,79.7195122,79.87073171,80.47073171,80.62682927,80.83170732,5213014.0,5228172.0,5246096.0,5266268.0,5288720.0,5313399.0,5338871.0,5363352.0,5388272.0,5413971.0,5438972.0
Fiji,FJI,East Asia & Pacific,2.9539999999999997,2.907,2.86,2.8160000000000003,2.7739999999999996,2.736,2.701,2.67,2.641,2.615,2.588,Adjusted net national income per capita (current US$),2550.425596,3030.045396,3383.6990140000003,3267.444476,3638.616854,3736.864603,3067.434317,3221.781437,3701.906458,3856.4307329999997,4203.783721,68.14314634,68.31768293,68.49178049,68.666,68.84239024,69.021,69.20080488,69.38231707,69.56397561,69.74473171,69.923,816626.0,818355.0,821820.0,827390.0,834729.0,843206.0,851854.0,859952.0,867327.0,874158.0,880487.0
France,FRA,Europe & Central Asia,1.89,1.92,1.94,2.0,1.98,2.01,2.0,2.03,2.01,2.01,2.01,Adjusted net national income per capita (current US$),25352.61143,29059.469360000003,29815.193730000003,31241.348430000002,35595.57423,38654.2053,34915.31018,34311.51773,37180.50512,34367.52343,35808.93088,79.11463415,80.16341463,80.16341463,80.81219512,81.11219512,81.21463415,81.41463415,81.66341463,82.11463415,81.96829268,81.96829268,62244884.0,62704897.0,63179356.0,63621376.0,64016229.0,64374990.0,64707044.0,65027512.0,65342776.0,65639975.0,65925498.0
Gabon,GAB,Sub-Saharan Africa,4.449,4.408,4.37,4.335,4.303999999999999,4.275,4.246,4.2139999999999995,4.178,4.136,4.087,Adjusted net national income per capita (current US$),3155.044528,3136.083375,3657.487194,3675.791444,4052.069577,4545.540781000001,4511.575448,4586.303198,5198.685467,5137.8115689999995,5457.0497909999995,59.48429268,59.68385366,60.00914634,60.4312439,60.90373171,61.38570732,61.85270732,62.2897561,62.69334146,63.07392683,63.441,1318093.0,1347524.0,1377777.0,1408920.0,1440902.0,1473741.0,1507428.0,1541936.0,1577298.0,1613489.0,1650351.0
United Kingdom,GBR,Europe & Central Asia,1.7,1.75,1.76,1.82,1.86,1.91,1.89,1.92,1.91,1.92,1.92,Adjusted net national income per capita (current US$),30111.60841,35340.99567,37197.95888,38764.435919999996,44086.213560000004,40623.67475,33142.258539999995,33896.39243,36364.55421,36083.52447,36538.23564,78.44634146,78.74634146,79.04878049,79.24878049,79.44878049,79.6,80.05121951,80.40243902,80.95121951,80.90487805,80.95609756,59647577.0,59987905.0,60401206.0,60846820.0,61322463.0,61806995.0,62276270.0,62766365.0,63258918.0,63700300.0,64106779.0
Georgia,GEO,Europe & Central Asia,1.609,1.639,1.6780000000000002,1.719,1.758,1.788,1.8090000000000002,1.82,1.8219999999999998,1.82,1.817,Adjusted net national income per capita (current US$),898.2187851,1189.786164,1495.50982,1840.5501570000001,2385.239219,2957.751708,2503.56777,2629.7491649999997,3248.167037,3715.324807,3770.62996,72.47173171,72.7057561,72.91070732,73.08907317,73.24843902,73.39680488,73.53773171,73.67473171,73.80978049,73.94487805,74.0795122,4328900.0,4318300.0,4361400.0,4398000.0,4388400.0,4383800.0,4410900.0,4452800.0,4483350.0,4490700.0,4487200.0
Ghana,GHA,Sub-Saharan Africa,4.512,4.455,4.3919999999999995,4.3260000000000005,4.257,4.188,4.119,4.052,3.985,3.92,3.8569999999999998,Adjusted net national income per capita (current US$),290.2201204,332.6016772,394.54069389999995,750.0742782000001,864.7932946000001,951.6522130000001,826.4278455,979.1573751,1097.912407,1074.372276,1720.078371,57.78665854,58.22485366,58.70453659,59.18670732,59.63785366,60.02995122,60.35102439,60.59956098,60.78858537,60.94712195,61.09863415,20305396.0,20840493.0,21389514.0,21951891.0,22528041.0,23115919.0,23713164.0,24317734.0,24928503.0,25544565.0,26164432.0
Guinea,GIN,Sub-Saharan Africa,5.722,5.649,5.5760000000000005,5.501,5.422999999999999,5.343,5.26,5.1739999999999995,5.088,5.001,4.915,Adjusted net national income per capita (current US$),293.76424039999995,316.7956853,236.96845430000002,358.5854369,527.626678,533.7389432,482.3916257,482.9331043,453.9358318,509.18364969999993,564.5613293,51.74902439,52.19458537,52.74512195,53.34953659,53.94370732,54.47843902,54.93187805,55.298,55.59019512,55.84465854,56.09165854,9281572.0,9464771.0,9669023.0,9898301.0,10152521.0,10427356.0,10715770.0,11012406.0,11316351.0,11628767.0,11948726.0
"Gambia, The",GMB,Sub-Saharan Africa,5.845,5.827000000000001,5.812,5.803,5.7989999999999995,5.797999999999999,5.797999999999999,5.796,5.789,5.775,5.751,Adjusted net national income per capita (current US$),249.54115380000002,299.9466638,310.22771800000004,308.8933063,359.9451659,418.06225770000003,371.7559418,382.6464494,329.4699223,315.3486269,490.78546510000007,56.14185366,56.45590244,56.76192683,57.05792683,57.34387805,57.61880488,57.88168293,58.1335122,58.37480488,58.60707317,58.83134146,1350345.0,1394727.0,1440542.0,1487731.0,1536424.0,1586749.0,1638899.0,1693002.0,1749099.0,1807108.0,1866878.0
Guinea-Bissau,GNB,Sub-Saharan Africa,5.614,5.539,5.462999999999999,5.388999999999999,5.317,5.247000000000001,5.18,5.115,5.052,4.989,4.927,Adjusted net national income per capita (current US$),315.2995495,349.6902694,376.1632972,370.9884045,414.491352,494.954014,455.78600539999996,468.5635658,608.6364616000001,513.9147352,514.2014289,51.96643902,52.16609756,52.38085366,52.60829268,52.84370732,53.08173171,53.32060976,53.55843902,53.79609756,54.03363415,54.27170732,1401716.0,1431816.0,1462784.0,1494603.0,1527342.0,1561293.0,1596832.0,1634196.0,1673509.0,1714620.0,1757138.0
Greece,GRC,Europe & Central Asia,1.28,1.3,1.32,1.4,1.38,1.47,1.49,1.51,1.39,1.34,1.29,Adjusted net national income per capita (current US$),15720.81018,18593.97523,19286.50032,20743.33504,23853.20836,26198.010140000002,24350.9624,21801.27771,20538.345719999998,18023.4111,17633.10925,78.84146341,79.03902439,79.23902439,79.43902439,79.43902439,79.93902439,80.18780488,80.38780488,80.73170732,80.63414634,80.63414634,11018324.0,11055729.0,11092913.0,11127947.0,11163002.0,11186439.0,11187085.0,11153454.0,11123213.0,11092771.0,11027549.0
Guatemala,GTM,Latin America & Caribbean,4.547,4.459,4.371,4.283,4.199,4.119,4.044,3.9739999999999998,3.908,3.844,3.783,Adjusted net national income per capita (current US$),1554.755157,1654.287409,1825.735828,1956.5396059999998,2131.973218,2391.625763,2241.605074,2371.2792289999998,2663.58655,2783.444775,2919.333964,69.01519512,69.33190244,69.60897561,69.86441463,70.11926829,70.38914634,70.68104878,70.99597561,71.32790244,71.66385366,71.99282927,12573346.0,12877711.0,13183505.0,13490041.0,13797629.0,14106687.0,14418033.0,14732261.0,15049280.0,15368759.0,15690793.0
Guyana,GUY,Latin America & Caribbean,2.678,2.7089999999999996,2.735,2.7510000000000003,2.7539999999999996,2.7430000000000003,2.718,2.682,2.638,2.591,2.546,Adjusted net national income per capita (current US$),904.4532377999999,968.3349283,1036.237775,1932.7520379999999,2280.378466,2395.34208,2525.241874,2660.477005,2892.190453,3129.8984600000003,3294.858972,64.03570732,64.27331707,64.52917073,64.79126829,65.04721951,65.28719512,65.50560976,65.7024878,65.88007317,66.04626829,66.20790244,742537.0,742162.0,742495.0,743705.0,745638.0,748096.0,750749.0,753362.0,755883.0,758410.0,761033.0
Honduras,HND,Latin America & Caribbean,3.674,3.5789999999999997,3.492,3.4130000000000003,3.34,3.273,3.2119999999999997,3.154,3.1010000000000004,3.05,3.0010000000000003,Adjusted net national income per capita (current US$),1028.8807199999999,1070.120875,1154.037634,1253.9645070000001,1416.266773,1548.2509699999998,1589.1414730000001,1670.712868,1824.719078,1851.56913,1800.4048690000002,71.07746341,71.26790244,71.47331707,71.70268293,71.95651219999999,72.23434146,72.5342439,72.85031707,73.17319512,73.49343902,73.80304878,6626304.0,6753352.0,6880181.0,7007029.0,7133737.0,7259470.0,7383098.0,7503875.0,7621414.0,7736131.0,7849059.0
Croatia,HRV,Europe & Central Asia,1.41,1.43,1.5,1.47,1.48,1.55,1.58,1.55,1.48,1.51,1.51,Adjusted net national income per capita (current US$),6441.481239,7814.305826999999,8702.603844,9603.683708,11512.51624,13363.88733,11666.168529999999,11183.87985,11753.02288,10709.75988,11228.08565,74.61390244,75.5202439,75.24463415,75.83682927,75.70560976,75.91219512,76.16829268,76.47560976,76.77560976,76.92439024,77.12682927,4440000.0,4439000.0,4442000.0,4440000.0,4436000.0,4434508.0,4429078.0,4417781.0,4280622.0,4267558.0,4255700.0
Haiti,HTI,Latin America & Caribbean,3.9530000000000003,3.8489999999999998,3.753,3.6639999999999997,3.58,3.5,3.424,3.35,3.28,3.2119999999999997,3.148,Adjusted net national income per capita (current US$),320.5884251,375.61659110000005,447.74798499999997,486.81915760000004,591.8022637,644.7178639,639.5411271,628.6312062999999,707.024054,731.8534559999999,768.3036387,58.38192683,58.80712195,59.28378049,59.80182927,60.33721951,60.87041463,61.38492683,61.866756099999996,62.30597561,62.70265854,63.05885366,8976555.0,9119182.0,9263409.0,9409479.0,9556958.0,9705130.0,9852953.0,9999617.0,10144890.0,10288828.0,10431249.0
Hungary,HUN,Europe & Central Asia,1.27,1.28,1.31,1.34,1.32,1.35,1.32,1.25,1.26,1.34,1.34,Adjusted net national income per capita (current US$),6630.006248,8082.055847,8840.163432,8975.387308,10664.08347,12149.6318,10006.04094,10096.542440000001,10845.92469,9978.243936,10877.88343,72.3,72.64878049,72.64878049,73.09756098,73.15121951,73.70243902,73.90487805,74.20731707,74.85853659,75.06341463,75.26829268,10129552.0,10107146.0,10087065.0,10071370.0,10055780.0,10038188.0,10022650.0,10000023.0,9971727.0,9920362.0,9893082.0
Indonesia,IDN,East Asia & Pacific,2.479,2.4859999999999998,2.4930000000000003,2.495,2.49,2.479,2.46,2.434,2.403,2.37,2.338,Adjusted net national income per capita (current US$),783.6169647999999,820.3604085,882.4742693,1126.82583,1316.463291,1538.135336,1673.094186,2325.629811,2680.861714,2746.810324,2703.68793,68.23631707,68.55039024,68.85443902,69.14595122,69.42290244,69.68529268,69.93309756,70.16785366,70.39156098,70.6072439,70.81743902,220307809.0,223268606.0,226254703.0,229263980.0,232296830.0,235360765.0,238465165.0,241613126.0,244808254.0,248037853.0,251268276.0
India,IND,South Asia,2.952,2.884,2.8169999999999997,2.753,2.694,2.6430000000000002,2.6,2.563,2.532,2.505,2.479,Adjusted net national income per capita (current US$),476.45146600000004,547.820316,620.8600977000001,699.1362832000001,889.5676737,850.1403266000001,954.3754826999999,1172.804567,1258.540207,1248.8228960000001,1249.2090210000001,63.34004878,63.72426829,64.09758537,64.45509756,64.79385366,65.11339024,65.41319512,65.6942439,65.9584878,66.21085366,66.4562439,1108369577.0,1126419321.0,1144326293.0,1162088305.0,1179685631.0,1197070109.0,1214182182.0,1230984504.0,1247446011.0,1263589639.0,1279498874.0
Ireland,IRL,Europe & Central Asia,1.96,1.93,1.86,1.91,2.01,2.06,2.06,2.05,2.03,2.01,2.01,Adjusted net national income per capita (current US$),30588.98264,35048.57372,37224.479680000004,39792.3285,44606.07975,44588.3435,36047.54943,33811.35879,34894.67632,32476.6804,35990.789189999996,78.13902439,78.53902439,78.94390244,79.24146341,79.64146341,80.09512195,80.1902439,80.74390244,80.74634146,80.89512195,81.04390244,3996521.0,4070262.0,4159914.0,4273591.0,4398942.0,4489544.0,4535375.0,4560155.0,4576794.0,4586897.0,4598294.0
"Iran, Islamic Rep.",IRN,Middle East & North Africa,1.9340000000000002,1.895,1.8730000000000002,1.8659999999999999,1.87,1.88,1.893,1.9040000000000001,1.912,1.9169999999999998,1.92,Adjusted net national income per capita (current US$),1782.728078,2140.327487,2485.094926,2883.58805,3843.037808,4294.777204,4545.706308,5355.085433,6281.1402020000005,6168.1396270000005,4691.415485,70.78136585,71.14534146,71.49331707,71.8295122,72.15860976,72.4842439,72.80792683,73.13014634,73.44931707,73.76273171,74.0687561,68522074.0,69321953.0,70122115.0,70923164.0,71720859.0,72530693.0,73370982.0,74253373.0,75184322.0,76156975.0,77152445.0
Israel,ISR,Middle East & North Africa,2.95,2.9,2.84,2.88,2.9,2.96,2.96,3.03,2.98,3.05,3.03,Adjusted net national income per capita (current US$),15352.95042,16155.925819999999,17145.847869999998,18358.398540000002,21056.38446,24677.9329,22998.193,25867.4727,28698.98273,27322.641989999996,30818.04975,79.64878049,80.14634146,80.15121951,80.55365854,80.50487805,80.95121951,81.40487805,81.60243902,81.65609756,81.70487805,82.05609756,6689700.0,6809000.0,6930100.0,7053700.0,7180100.0,7308800.0,7485600.0,7623600.0,7765800.0,7910500.0,8059500.0
Italy,ITA,Europe & Central Asia,1.29,1.34,1.34,1.37,1.4,1.45,1.45,1.46,1.44,1.43,1.43,Adjusted net national income per capita (current US$),23047.83203,26419.50459,27098.2098,28289.98562,31684.7099,33639.29645,30490.163969999998,29459.5333,31385.784089999997,28361.449119999997,28810.48189,79.98292683,80.7804878,80.78292683,81.28292683,81.43414634,81.48536585,81.63658537,82.03658537,82.18780488,82.23902439,82.29024390000001,57313203.0,57685327.0,57969484.0,58143979.0,58438310.0,58826731.0,59095365.0,59277417.0,59379449.0,59539717.0,60233948.0
Jamaica,JAM,Latin America & Caribbean,2.525,2.498,2.47,2.4419999999999997,2.414,2.387,2.36,2.334,2.309,2.2840000000000003,2.26,Adjusted net national income per capita (current US$),2987.5296,3218.8999989999998,3515.6995950000005,3741.398481,4004.6654729999996,4308.998784,3721.345107,4134.572385,4505.271714,4710.463786,4435.645304,70.98168293,71.21843902,71.47841463,71.75607317,72.04080488,72.32302439,72.59414634,72.84712195,73.07639024,73.2824878,73.46892683,2624695.0,2634145.0,2643601.0,2653042.0,2662481.0,2671934.0,2681386.0,2690824.0,2699838.0,2707805.0,2714734.0
Jordan,JOR,Middle East & North Africa,3.832,3.78,3.734,3.6889999999999996,3.641,3.5860000000000003,3.5260000000000002,3.458,3.386,3.3139999999999996,3.2439999999999998,Adjusted net national income per capita (current US$),1699.9864870000001,1881.7151059999999,2014.263415,2350.5184,2564.679102,3121.0143559999997,3208.5223170000004,3288.6613780000002,3394.0427979999995,3436.534526,3550.908019,72.30460976,72.4737561,72.63890244,72.80104878,72.96119512,73.11978049,73.27834146,73.43587805,73.59187805,73.74739024,73.90141463,5164000.0,5290000.0,5411000.0,5536000.0,5661000.0,5786000.0,5915000.0,6046000.0,6181000.0,6318000.0,6460000.0
Japan,JPN,East Asia & Pacific,1.29,1.29,1.26,1.32,1.34,1.37,1.37,1.39,1.39,1.41,1.43,Adjusted net national income per capita (current US$),27583.76559,30064.302160000003,29744.04446,28347.049460000002,28260.147839999998,30961.032560000003,31702.71351,35086.7823,38081.33916,38612.862689999994,32488.225960000003,81.76,82.0302439,81.92512195,82.32195122,82.50707317,82.58756098,82.93146341,82.84268293,82.59121951,83.09609756,83.33195122,127718000.0,127761000.0,127773000.0,127854000.0,128001000.0,128063000.0,128047000.0,128070000.0,127817277.0,127561489.0,127338621.0
Kazakhstan,KAZ,Europe & Central Asia,2.03,2.21,2.22,2.36,2.5,2.7,2.55,2.6,2.59,2.62,2.64,Adjusted net national income per capita (current US$),1376.7544599999999,1817.6736879999999,2193.14529,2958.398559,4348.295304,5187.009841,4810.303986,5717.931578,7113.5618859999995,7834.290256,9380.125613,65.86585366,65.88780488,65.9097561,66.16097561,66.50487805,67.02195122,68.42926829,68.29536585,68.98,69.61,70.45,14909018.0,15012985.0,15147029.0,15308084.0,15484192.0,15674000.0,16092701.0,16321581.0,16556600.0,16791425.0,17035275.0
Kenya,KEN,Sub-Saharan Africa,4.976,4.955,4.923,4.879,4.824,4.761,4.691,4.6160000000000005,4.538,4.459,4.382,Adjusted net national income per capita (current US$),337.2049707,360.5969277,417.1916476,570.6553412000001,684.0427496,752.9533151,755.1327257999999,798.0552512999999,821.2286872999999,957.5812582000001,1018.389558,53.34546341,53.93460976,54.69734146,55.60119512,56.59234146,57.61304878,58.61504878,59.54707317,60.37090244,61.08317073,61.68397561,33551079.0,34437460.0,35349040.0,36286015.0,37250540.0,38244442.0,39269988.0,40328313.0,41419954.0,42542978.0,43692881.0
Kyrgyz Republic,KGZ,Europe & Central Asia,2.5,2.6,2.5,2.7,2.8,2.8,2.9,3.06,3.1,3.2,3.2,Adjusted net national income per capita (current US$),317.4164698,355.8262966,409.6568222,479.8139426,646.4041445,787.7705722999999,703.8104085,664.6806693,805.1514285000001,958.0330791000001,945.6230309,68.25609756,68.15365854,67.95609756,67.69512195,67.84634146,68.45121951,69.10243902,69.3,69.60243902,70.00243902,70.20243902,5043300.0,5104700.0,5162600.0,5218400.0,5268400.0,5318700.0,5383300.0,5447900.0,5514600.0,5607200.0,5719600.0
Cambodia,KHM,East Asia & Pacific,3.4010000000000002,3.31,3.23,3.162,3.102,3.051,3.0069999999999997,2.966,2.929,2.8939999999999997,2.861,Adjusted net national income per capita (current US$),317.5253773,354.52811610000003,412.968377,466.987059,547.3864285,639.0729067000001,621.9837485,660.4069922,742.6516454,800.9583211,868.2249745999999,64.96756098,66.02470732,67.04312195,67.98282927,68.82095122,69.54404878,70.14819512,70.64336585,71.05109756,71.40882927,71.74756098,12901217.0,13112334.0,13320058.0,13525360.0,13728700.0,13933660.0,14144337.0,14363586.0,14593099.0,14832255.0,15078564.0
Kiribati,KIR,East Asia & Pacific,3.516,3.4130000000000003,3.324,3.2489999999999997,3.1860000000000004,3.133,3.0869999999999997,3.048,3.014,2.9819999999999998,2.952,Adjusted net national income per capita (current US$),1434.895714,1606.9606609999998,1622.675082,1531.1265939999998,1836.208912,1958.885487,1695.3328170000002,2077.4191140000003,2253.9206710000003,2539.370716,2695.298357,65.6207561,65.94302439,66.26326829,66.58395122,66.90656098,67.23058537,67.557,67.88382927,68.20960976,68.53234146,68.84907317,88892.0,90545.0,92329.0,94257.0,96310.0,98437.0,100566.0,102648.0,104662.0,106620.0,108544.0
"Korea, Rep.",KOR,East Asia & Pacific,1.18,1.1540000000000001,1.0759999999999998,1.123,1.25,1.192,1.149,1.226,1.244,1.297,1.187,Adjusted net national income per capita (current US$),11721.4744,13128.71893,15269.356580000001,17237.661809999998,19078.70741,16635.99486,14729.0967,18160.96605,19677.69496,19980.90589,20901.65801,77.2502439,77.84658537,78.43268293,78.96926829,79.34951219999999,79.83268293,80.29731707,80.55121951,80.96707317,81.21341463,81.45975609999999,47859311.0,48039415.0,48138077.0,48371946.0,48597652.0,48948698.0,49182038.0,49410366.0,49779440.0,50004441.0,50219669.0
Kuwait,KWT,Middle East & North Africa,2.66,2.63,2.628,2.645,2.667,2.681,2.6830000000000003,2.673,2.6519999999999997,2.6260000000000003,2.6,Adjusted net national income per capita (current US$),19773.49901,24730.28055,31532.430669999998,39305.05883,42306.53975,48465.08232,34707.80669,34443.6355,41012.075189999996,43965.71007,42359.99253,73.58656098,73.66221951,73.73831707,73.81682927,73.89870732,73.98292683,74.07,74.16192683,74.2582439,74.359,74.4627561,2095993.0,2166344.0,2263604.0,2389498.0,2538591.0,2705290.0,2881243.0,3059473.0,3239181.0,3419581.0,3593689.0
Lao PDR,LAO,East Asia & Pacific,3.7060000000000004,3.6189999999999998,3.562,3.52,3.4810000000000003,3.432,3.3680000000000003,3.29,3.2,3.108,3.02,Adjusted net national income per capita (current US$),287.302572,337.44985610000003,388.04768160000003,436.32550630000003,540.8364592999999,647.5588786000001,707.2786232000001,780.0778387,943.8080286000001,1122.67949,1324.382694,63.43504878,63.97853659,64.50046341,65.00382927,65.49158537,65.96878049,66.43639024,66.89843902,67.35495122,67.80592683,68.24941463,5579003.0,5658894.0,5745012.0,5838837.0,5939634.0,6045439.0,6153153.0,6260544.0,6366909.0,6473050.0,6579985.0
Lebanon,LBN,Middle East & North Africa,1.9480000000000002,1.854,1.765,1.686,1.621,1.57,1.535,1.5130000000000001,1.5019999999999998,1.4980000000000002,1.495,Adjusted net national income per capita (current US$),3189.0040870000003,3855.7563909999994,3937.008104,3803.34314,4450.330431,5200.750121,6188.536904,6439.665358,6347.2343710000005,6528.790625,6442.87683,75.96626829,76.52165854,77.07158537,77.59673171,78.08331707,78.52241463,78.91007317,79.25278049,79.55892683,79.84636585,80.12887805,3701464.0,3863271.0,3986865.0,4057041.0,4085426.0,4109389.0,4181742.0,4337156.0,4388637.0,4440728.0,4493438.0
Liberia,LBR,Sub-Saharan Africa,5.635,5.547000000000001,5.456,5.3660000000000005,5.277,5.19,5.106,5.024,4.945,4.868,4.792,Adjusted net national income per capita (current US$),151.088173,208.5155339,219.9875301,254.4917517,282.55292119999996,331.24811139999997,304.6589684,325.9455466,381.1862626,358.7051443,396.596356,53.32865854,54.096243900000005,55.06617073,56.14039024,57.18821951,58.1074878,58.85919512,59.43431707,59.85987805,60.20639024,60.53187805,3124222.0,3184643.0,3269786.0,3384804.0,3522337.0,3672782.0,3821498.0,3957990.0,4079574.0,4190155.0,4293692.0
Libya,LBY,Middle East & North Africa,2.8819999999999997,2.8360000000000003,2.79,2.741,2.69,2.637,2.582,2.525,2.467,2.41,2.356,Adjusted net national income per capita (current US$),3542.917942,4047.1250979999995,5526.462286999999,6249.453002,7849.317344,9841.674863,7735.8777390000005,8716.151931999999,4828.790247,9361.972259,8316.837353,72.95965854,73.27473171,73.57629268,73.85841463,74.12065854,74.36307317,74.58568293,74.7924878,74.98746341,75.17604878,75.36168293,5609166.0,5703224.0,5801543.0,5907149.0,6017794.0,6123022.0,6208680.0,6265697.0,6288652.0,6283403.0,6265987.0
St. Lucia,LCA,Latin America & Caribbean,2.0980000000000003,2.062,2.04,2.029,2.022,2.013,2.0,1.982,1.96,1.936,1.912,Adjusted net national income per capita (current US$),4004.6685759999996,4195.49029,4455.749599,5574.567744,6177.384317,6087.3604399999995,6077.523735,6631.366645,6945.484087999999,6817.666259999999,7073.569498000001,72.26163415,72.62892683,73.00792683,73.374,73.70692683,73.99443902,74.22814634,74.41102439,74.55295122,74.67417073,74.79195122,161767.0,163462.0,165407.0,167656.0,170146.0,172729.0,175196.0,177397.0,179278.0,180890.0,182305.0
Sri Lanka,LKA,South Asia,2.263,2.274,2.286,2.298,2.311,2.323,2.335,2.343,2.347,2.346,2.339,Adjusted net national income per capita (current US$),922.3099969000001,994.6963862,1160.8598140000001,1327.968071,1512.748501,1862.262123,1943.060536,2597.1245329999997,2960.500031,3071.002141,3273.704381,73.0942439,73.43402439,73.60073171,73.63602439,73.62002439,73.61995122,73.66119512,73.75526829,73.89929268,74.06804878,74.24029268,19173000.0,19435000.0,19644000.0,19858000.0,20039000.0,20246000.0,20450000.0,20653000.0,20869000.0,20328000.0,20483000.0
Lesotho,LSO,Sub-Saharan Africa,3.7539999999999996,3.654,3.562,3.48,3.405,3.335,3.2689999999999997,3.207,3.148,3.092,3.0380000000000003,Adjusted net national income per capita (current US$),754.2446645,963.0824257000002,1023.572531,1061.031123,1104.260945,1086.020489,1032.153135,1313.282046,1411.773396,1294.141351,1191.467259,43.8247561,43.53346341,43.65773171,44.14834146,44.88221951,45.7392439,46.63458537,47.48341463,48.2197561,48.836000000000006,49.33146341,1898778.0,1912042.0,1925844.0,1940345.0,1955656.0,1972194.0,1990413.0,2010586.0,2032950.0,2057331.0,2083061.0
Luxembourg,LUX,Europe & Central Asia,1.62,1.66,1.63,1.65,1.61,1.61,1.59,1.63,1.52,1.57,1.57,Adjusted net national income per capita (current US$),46951.51042,61681.49727000001,66272.29149,64410.23461,81768.3125,82487.46783,57108.00231,63004.255370000006,66255.24597,61116.20869,62617.19921,77.72682927,79.12195122,79.43170732,79.28780488,79.38292683,80.53902439,80.63658537,80.63170732,80.98780488,81.39268293,81.79756098,451630.0,458095.0,465158.0,472637.0,479993.0,488650.0,497783.0,506953.0,518347.0,530946.0,543360.0
Latvia,LVA,Europe & Central Asia,1.32,1.29,1.39,1.46,1.54,1.58,1.46,1.36,1.33,1.44,1.44,Adjusted net national income per capita (current US$),3883.876989,4778.304962,5826.425416,7228.752789,10598.61957,12526.913120000001,10201.799079999999,8601.764482999999,10349.66472,10290.37398,11348.43025,71.26585366,72.02682927,71.35609756,70.86585366,71.0195122,72.4195122,73.0804878,73.48292683,73.57560976,73.77804878,73.9804878,2287955.0,2263122.0,2238799.0,2218357.0,2200325.0,2177322.0,2141669.0,2097555.0,2059709.0,2034319.0,2012647.0
Morocco,MAR,Middle East & North Africa,2.47,2.418,2.385,2.377,2.398,2.443,2.509,2.583,2.6519999999999997,2.7060000000000004,2.735,Adjusted net national income per capita (current US$),1511.5140880000001,1713.887255,1787.589495,1940.225048,2206.942637,2549.9089519999998,2504.4727620000003,2472.545213,2647.329811,2522.651988,2719.600336,68.69719512,68.88063415,69.07168293,69.2737561,69.48626829,69.70817073,69.93743902,70.17158537,70.40912195,70.64312195,70.87212195,29812685.0,30093109.0,30385479.0,30691434.0,31011322.0,31350544.0,31714958.0,32107739.0,32531964.0,32984190.0,33452686.0
Moldova,MDA,Europe & Central Asia,1.4969999999999999,1.489,1.4869999999999999,1.4869999999999999,1.4880000000000002,1.4869999999999999,1.483,1.4769999999999999,1.469,1.462,1.456,Adjusted net national income per capita (current US$),539.563551,722.1094545,832.9419429,954.5143375,1209.596562,1688.7382539999999,1462.882531,1636.32958,1999.4782519999999,2139.060122,2339.805454,67.52014634,67.70317073,67.85973171,67.99173171,68.11109756,68.22729268,68.34180488,68.45812195,68.57529268,68.69341463,68.8115122,3612874.0,3603945.0,3595187.0,3585209.0,3576910.0,3570108.0,3565604.0,3562045.0,3559986.0,3559519.0,3558566.0
Madagascar,MDG,Sub-Saharan Africa,5.233,5.132999999999999,5.039,4.952,4.87,4.794,4.7219999999999995,4.654,4.59,4.5280000000000005,4.468,Adjusted net national income per capita (current US$),294.5134461,225.94715019999998,253.3106273,269.0269927,350.4067885,435.74368430000004,386.2201228,381.7990089,419.68462310000007,402.09505260000003,414.8653258,60.235512199999995,60.72870732,61.18678049,61.62236585,62.048,62.4747561,62.90765854,63.34973171,63.79890244,64.24863415,64.69139024,17245275.0,17763367.0,18290394.0,18826129.0,19371031.0,19926798.0,20495706.0,21079532.0,21678867.0,22293720.0,22924557.0
Maldives,MDV,South Asia,2.715,2.596,2.508,2.449,2.41,2.3819999999999997,2.36,2.339,2.314,2.287,2.256,Adjusted net national income per capita (current US$),3178.543434,3653.4534380000005,3330.90061,4441.972088,4447.3805649999995,5347.116555,5164.898206,5396.348598,5818.460657,5821.0066289999995,6230.768202,72.46621951,73.32380488,74.08456098,74.74960976,75.33743902,75.86709756,76.34641463,76.78631707,77.19287805,77.57382927,77.93536585,294996.0,299917.0,304968.0,310168.0,315515.0,321026.0,326713.0,332575.0,338618.0,344817.0,351111.0
Mexico,MEX,Latin America & Caribbean,2.523,2.484,2.448,2.4130000000000003,2.379,2.346,2.313,2.281,2.248,2.2159999999999997,2.185,Adjusted net national income per capita (current US$),5715.496006,6016.811884000001,6509.786696,7160.072908,7598.107805,7807.279587999999,6276.677695,7362.916552,7857.338853,7887.444894,8242.838989,74.9917561,75.23656098,75.48553659,75.73665854,75.98439024,76.22665854,76.46146341,76.69029268,76.91417073,77.13507317,77.35402439,106888418.0,108257822.0,109747906.0,111382857.0,113139374.0,114972821.0,116815612.0,118617542.0,120365271.0,122070963.0,123740109.0
Mali,MLI,Sub-Saharan Africa,6.803,6.797000000000001,6.796,6.7989999999999995,6.806,6.817,6.83,6.841,6.85,6.852,6.847,Adjusted net national income per capita (current US$),335.11710189999997,378.8810707,428.7470223,456.01435860000004,520.9779963000001,572.1681567,567.3957416000001,557.1644161,637.7802462000001,547.7241375,599.41677,50.53080488,51.033,51.52253659,51.99443902,52.45382927,52.9032439,53.34219512,53.77073171,54.19082927,54.60392683,55.013512199999994,12088867.0,12474857.0,12881384.0,13309942.0,13759226.0,14223403.0,14694565.0,15167286.0,15639115.0,16112333.0,16592097.0
Myanmar,MMR,East Asia & Pacific,2.227,2.178,2.137,2.103,2.075,2.049,2.026,2.003,1.98,1.959,1.9380000000000002,Adjusted net national income per capita (current US$),209.4471303,207.2835802,230.1263083,275.04674339999997,385.11532630000005,608.1530757,708.9496538,942.797632,1121.306389,1058.6438039999998,1060.114754,62.92273171,63.20543902,63.47656098,63.73158537,63.96953659,64.18941463,64.39373171,64.583,64.7612439,64.93246341,65.09968293,49151958.0,49582751.0,49984704.0,50355559.0,50698814.0,51030006.0,51369725.0,51733013.0,52125411.0,52543841.0,52983829.0
Mongolia,MNG,East Asia & Pacific,2.103,2.141,2.193,2.254,2.315,2.3680000000000003,2.41,2.437,2.447,2.4459999999999997,2.436,Adjusted net national income per capita (current US$),547.4176657,654.1062582000001,816.6622302000001,1011.8989300000001,1258.026724,1593.356272,1266.628158,1822.2446920000002,2528.6184350000003,3251.134578,3377.604207,64.38326829,64.85182927,65.28780488,65.68275609999999,66.03743902,66.35712195,66.64121951,66.89460976,67.12470732,67.33943902,67.54819512,2469045.0,2496621.0,2526447.0,2558484.0,2592776.0,2629666.0,2669572.0,2712657.0,2759074.0,2808339.0,2859174.0
Mozambique,MOZ,Sub-Saharan Africa,5.721,5.697,5.669,5.632000000000001,5.587999999999999,5.5360000000000005,5.476,5.409,5.337999999999999,5.263,5.188,Adjusted net national income per capita (current US$),244.10038459999998,288.61918439999994,320.1942788,319.6285774,353.95885960000004,422.60606060000003,403.553502,356.20099930000003,446.863696,476.38126860000006,509.65098420000004,47.65704878,47.73582927,47.85063415,48.01641463,48.23214634,48.49382927,48.79943902,49.13707317,49.48782927,49.83626829,50.17336585,19928496.0,20523159.0,21126676.0,21737860.0,22359637.0,22994867.0,23647815.0,24321457.0,25016921.0,25732928.0,26467180.0
Mauritania,MRT,Sub-Saharan Africa,5.205,5.15,5.095,5.042,4.99,4.939,4.888,4.837,4.783,4.728,4.67,Adjusted net national income per capita (current US$),496.8409798,556.7046495,600.3645441000001,649.2113964,655.2758409,756.6254065,805.0539676,836.6354493,941.2993566,872.6993389,890.1994819,59.98685366,60.10943902,60.24260976,60.38680488,60.53946341,60.6975122,60.85943902,61.023243900000004,61.18695122,61.35060976,61.5117561,2974686.0,3064882.0,3154087.0,3241762.0,3328285.0,3414552.0,3501927.0,3591400.0,3683221.0,3777067.0,3872684.0
Mauritius,MUS,Sub-Saharan Africa,1.87,1.92,1.88,1.77,1.74,1.67,1.59,1.57,1.55,1.54,1.44,Adjusted net national income per capita (current US$),4122.5804450000005,4691.813837,4579.3463409999995,5160.861827000001,6056.170621,7242.371805,6410.556445,7072.219454000001,7964.253411,7889.099531999999,8124.283584999999,72.12130081,72.27674797,72.43219512,72.43219512,72.57073171,72.57073171,72.88243902,72.96731707,73.26682927,73.86341463,74.46,1213370.0,1221003.0,1228254.0,1233996.0,1239630.0,1244121.0,1247429.0,1250400.0,1252404.0,1255882.0,1258653.0
Malawi,MWI,Sub-Saharan Africa,6.058,6.002000000000001,5.95,5.899,5.843,5.781000000000001,5.712000000000001,5.636,5.553999999999999,5.471,5.388999999999999,Adjusted net national income per capita (current US$),217.0724575,235.37154249999998,239.4938458,246.7872531,258.7076989,307.57705530000004,314.4822107,357.97590660000003,406.5284787,280.6275882,245.2665231,47.31204878,48.06580488,48.93997561,49.89058537,50.86329268,51.80573171,52.683,53.46570732,54.13995122,54.72378049,55.23470732,12090476.0,12407618.0,12747846.0,13112383.0,13498377.0,13904671.0,14329056.0,14769824.0,15226813.0,15700436.0,16190126.0
Malaysia,MYS,East Asia & Pacific,2.418,2.307,2.2159999999999997,2.146,2.093,2.052,2.023,2.002,1.986,1.975,1.964,Adjusted net national income per capita (current US$),3173.246234,3538.6408100000003,4045.1054759999997,4605.435989,5469.413966,6331.91413,5534.522995,6804.800261,7939.9584540000005,8139.997209,8370.978434,73.36987805,73.52997561,73.687,73.84304878,74.00068293,74.16146341,74.32592683,74.49558537,74.66839024,74.84229268,75.01626829,24869423.0,25332026.0,25796124.0,26263048.0,26730607.0,27197419.0,27661017.0,28119500.0,28572970.0,29021940.0,29465372.0
Namibia,NAM,Sub-Saharan Africa,3.759,3.674,3.591,3.512,3.4360000000000004,3.364,3.295,3.2289999999999996,3.167,3.1069999999999998,3.051,Adjusted net national income per capita (current US$),2440.591284,3109.603984,3246.675204,3525.09927,3703.7260770000003,3609.6655170000004,3704.4487729999996,4509.129492,4907.791404,5041.945057,5005.249589999999,54.27897561,54.92346341,55.97743902,57.32487805,58.78080488,60.18407317,61.44090244,62.48029268,63.27717073,63.88114634,64.34387805,1980531.0,2002745.0,2027026.0,2053915.0,2083174.0,2115703.0,2152357.0,2193643.0,2240161.0,2291645.0,2346592.0
Niger,NER,Sub-Saharan Africa,7.6579999999999995,7.636,7.617000000000001,7.602,7.593,7.587999999999999,7.585,7.584,7.581,7.574,7.561,Adjusted net national income per capita (current US$),182.8373621,204.2432445,223.21858790000002,229.63296,254.216429,306.19409249999995,291.57609069999995,303.72724819999996,322.7372857,326.2285235,337.501985,52.78870732,53.46378049,54.12014634,54.75141463,55.35314634,55.92539024,56.46821951,56.98563415,57.48263415,57.96617073,58.44270732,12526725.0,12996012.0,13485436.0,13995530.0,14527631.0,15085130.0,15672194.0,16291990.0,16946485.0,17635782.0,18358863.0
Nigeria,NGA,Sub-Saharan Africa,6.042000000000001,6.029,6.02,6.015,6.015,6.017,6.021,6.022,6.017,6.002000000000001,5.976,Adjusted net national income per capita (current US$),658.0909011,823.2810571,1007.938072,1377.788028,1557.6920910000001,1811.942618,1565.484534,1823.661325,1918.604554,2144.181794,2344.1550850000003,47.63773171,48.12565854,48.664487799999996,49.22863415,49.79160976,50.32939024,50.8304878,51.28941463,51.7102439,52.10902439,52.49978049,132581484.0,136033321.0,139611303.0,143318011.0,147152502.0,151115683.0,155207145.0,159424742.0,163770669.0,168240403.0,172816517.0
Nicaragua,NIC,Latin America & Caribbean,2.967,2.903,2.8480000000000003,2.802,2.759,2.717,2.675,2.6310000000000002,2.585,2.541,2.498,Adjusted net national income per capita (current US$),863.1266406999999,931.3577151000001,1019.213318,1061.0359859999999,1156.003545,1302.601156,1249.9452410000001,1274.915039,1400.953949,1482.4261880000001,1521.634213,71.04495122,71.48631707,71.90995122,72.31636585,72.7064878,73.0822439,73.44412195,73.79512195,74.13470732,74.46539024,74.78817073,5240876.0,5309703.0,5379327.0,5450217.0,5522119.0,5594524.0,5666595.0,5737722.0,5807787.0,5877034.0,5945646.0
Netherlands,NLD,Europe & Central Asia,1.75,1.72,1.71,1.72,1.72,1.77,1.79,1.79,1.76,1.72,1.72,Adjusted net national income per capita (current US$),29731.296939999997,33786.47733,34460.35392,37844.048460000005,43369.92973,46346.51663,42737.008389999995,41980.65207,45274.356380000005,41839.51855,43399.31555,78.49268293,79.09512195,79.34634146,79.69756098,80.09756098,80.25121951,80.54878049,80.70243902,81.20487805,81.10487805,81.10487805,16225302.0,16281779.0,16319868.0,16346101.0,16381696.0,16445593.0,16530388.0,16615394.0,16693074.0,16754962.0,16804432.0
Norway,NOR,Europe & Central Asia,1.8,1.83,1.84,1.9,1.9,1.96,1.98,1.95,1.88,1.85,1.85,Adjusted net national income per capita (current US$),39174.07432,44765.90256,52451.97855,57480.23044,66164.31934,73176.00282000001,61977.228879999995,68568.62814,77242.73864,78447.11124,80857.49657,79.3902439,79.84146341,80.04146341,80.34390244,80.39512195,80.59268293,80.79512195,80.99756098,81.29512195,81.45121951,81.45121951,4564855.0,4591910.0,4623291.0,4660677.0,4709153.0,4768212.0,4828726.0,4889252.0,4953088.0,5018573.0,5079623.0
Nepal,NPL,South Asia,3.6319999999999997,3.486,3.34,3.194,3.0460000000000003,2.8989999999999996,2.755,2.6189999999999998,2.496,2.3890000000000002,2.3,Adjusted net national income per capita (current US$),240.51074080000004,270.0772113,298.30623860000003,326.56786569999997,365.84387999999996,440.6053282,449.90953039999994,550.7369591,649.6010923,651.2629646,666.9218486000001,63.722,64.2434878,64.748,65.23953659,65.72009756,66.19019512,66.65229268,67.10492683,67.54956098,67.98270732,68.40385366,24868900.0,25198130.0,25506847.0,25794344.0,26063619.0,26325183.0,26592666.0,26875910.0,27179237.0,27500515.0,27834981.0
New Zealand,NZL,East Asia & Pacific,1.93,1.98,1.97,2.01,2.17,2.18,2.12,2.15,2.06,2.05,1.95,Adjusted net national income per capita (current US$),17818.398390000002,20418.74173,21908.844530000002,20877.881409999998,25520.599290000002,23949.5498,22332.57954,26603.7569,30841.86092,32238.250360000002,34930.83289,79.14634146,79.54878049,79.85121951,80.04878049,80.15121951,80.35121951,80.70243902,80.70243902,80.90487805,81.15609756,81.40731707,4027200.0,4087500.0,4133900.0,4184600.0,4223800.0,4259800.0,4302600.0,4350700.0,4384000.0,4408100.0,4442100.0
Oman,OMN,Middle East & North Africa,3.1439999999999997,3.029,2.951,2.906,2.887,2.886,2.8939999999999997,2.9010000000000002,2.8989999999999996,2.884,2.853,Adjusted net national income per capita (current US$),5571.191072,5967.605708,6683.533902,6895.510465,9335.458294,13146.32365,9795.814221999999,10546.36654,9808.190526999999,10874.49016,10784.794740000001,73.62441463,74.023,74.40760976,74.77380488,75.12060976,75.44704878,75.75460976,76.04580488,76.32314634,76.59104878,76.85202439,2385075.0,2448194.0,2506891.0,2553376.0,2593750.0,2652281.0,2762073.0,2943747.0,3210003.0,3545192.0,3906912.0
Pakistan,PAK,South Asia,3.986,3.873,3.785,3.713,3.648,3.5810000000000004,3.509,3.43,3.347,3.264,3.185,Adjusted net national income per capita (current US$),505.92624589999997,577.5683516,630.0488226,765.2302172,832.9890745,914.0925553999999,906.5952812999999,946.3384484999999,1124.163799,1167.396139,1182.608436,64.69136585,64.94082927,65.1747561,65.39312195,65.59590244,65.78463415,65.96126829,66.12634146,66.28387805,66.43587805,66.58536585,147251530.0,150267989.0,153356383.0,156524189.0,159767672.0,163096985.0,166520983.0,170043918.0,173669648.0,177392252.0,181192646.0
Panama,PAN,Latin America & Caribbean,2.75,2.7239999999999998,2.696,2.667,2.637,2.608,2.5780000000000003,2.549,2.521,2.4930000000000003,2.4659999999999997,Adjusted net national income per capita (current US$),3759.300485,3992.0516439999997,4281.727119,4638.124462,5334.793431,6309.247132,6680.226779,6920.055448,8329.346189,9492.937538,10513.267,75.66321951,75.83656098,76.00890244,76.18346341,76.36385366,76.55117073,76.74646341,76.94870732,77.15680488,77.36809756,77.57895122,3202511.0,3260611.0,3319301.0,3378600.0,3438398.0,3498679.0,3559401.0,3620506.0,3681979.0,3743761.0,3805683.0
Peru,PER,Latin America & Caribbean,2.773,2.73,2.6889999999999996,2.65,2.614,2.5789999999999997,2.545,2.511,2.479,2.448,2.417,Adjusted net national income per capita (current US$),1868.701241,2046.144784,2258.640183,2409.651805,2788.480682,3358.8659829999997,3399.896071,4076.0293939999997,4634.680804,5275.6407899999995,5572.321031,71.74756098,72.09680488,72.41860976,72.72097561,73.01487805,73.30729268,73.60368293,73.90509756,74.21053659,74.51553659,74.81460976,26937737.0,27273188.0,27610406.0,27949958.0,28292768.0,28642048.0,29001563.0,29373644.0,29759891.0,30158768.0,30565461.0
Philippines,PHL,East Asia & Pacific,3.642,3.5660000000000003,3.485,3.403,3.326,3.2569999999999997,3.199,3.1510000000000002,3.111,3.076,3.043,Adjusted net national income per capita (current US$),1095.45218,1142.856151,1267.057619,1459.9521029999999,1707.4248300000002,1996.1758929999999,1976.613446,2279.916843,2474.506911,2770.858361,3007.479157,67.21904878,67.35421951,67.48992683,67.62819512,67.77056098,67.91853659,68.07160976,68.23026829,68.39148780000001,68.55373171,68.7144878,82971734.0,84596249.0,86141373.0,87592899.0,88965508.0,90297115.0,91641881.0,93038902.0,94501233.0,96017322.0,97571676.0
Papua New Guinea,PNG,East Asia & Pacific,4.335,4.279,4.226,4.1739999999999995,4.122,4.067,4.011,3.9539999999999997,3.8960000000000004,3.838,3.781,Adjusted net national income per capita (current US$),364.5957484,380.1972068,477.075128,778.8102861000001,964.7402697999999,1120.773177,1157.802867,1301.7943070000001,1662.323258,2038.550757,2099.8211899999997,59.87978049,60.265,60.64358537,60.99802439,61.31690244,61.59121951,61.820512199999996,62.00780488,62.16212195,62.29892683,62.43073171,5795571.0,5940048.0,6086905.0,6236158.0,6387470.0,6540267.0,6693799.0,6847517.0,7001172.0,7154870.0,7308864.0
Poland,POL,Europe & Central Asia,1.22,1.23,1.24,1.27,1.31,1.39,1.4,1.38,1.3,1.3,1.3,Adjusted net national income per capita (current US$),4873.282249,5522.825315,6768.7677269999995,7597.578792,9425.035161,11971.11215,9809.871304,10719.98116,11868.284959999999,11228.17544,11731.31618,74.59756098,74.84634146,74.99512195,75.14390244,75.24390244,75.54390244,75.69512195,76.24634146,76.74634146,76.79756098,76.84878049,38204570.0,38182222.0,38165445.0,38141267.0,38120560.0,38125759.0,38151603.0,38042794.0,38063255.0,38063164.0,38040196.0
Portugal,PRT,Europe & Central Asia,1.44,1.4,1.41,1.37,1.35,1.39,1.34,1.39,1.35,1.28,1.28,Adjusted net national income per capita (current US$),13048.44975,14820.29727,15402.219659999999,15947.44292,18411.57318,19697.632719999998,18263.88094,17861.8235,18568.619619999998,16321.58031,17514.63993,77.2195122,77.67073171,78.07073171,78.4195122,78.32195122,78.52439024,78.72682927,79.02682927,80.47073171,80.37317073,80.37317073,10458821.0,10483861.0,10503330.0,10522288.0,10542964.0,10558177.0,10568247.0,10573100.0,10557560.0,10514844.0,10457295.0
Paraguay,PRY,Latin America & Caribbean,3.429,3.346,3.266,3.1910000000000003,3.123,3.063,3.012,2.968,2.931,2.897,2.864,Adjusted net national income per capita (current US$),1022.8886160000001,1285.140335,1409.688809,1786.5096760000001,2453.759857,3375.6222810000004,3015.865459,3596.1799960000003,4479.58498,4293.126207,4928.565507,70.87156098,71.11092683,71.32656098,71.51348780000001,71.67421951,71.81180488,71.92778049,72.02665854,72.11346341,72.19373171,72.2734878,5607948.0,5703742.0,5795493.0,5882797.0,5966160.0,6047131.0,6127847.0,6209877.0,6293763.0,6379162.0,6465669.0
Qatar,QAT,Middle East & North Africa,2.853,2.7030000000000003,2.555,2.418,2.299,2.2030000000000003,2.133,2.085,2.055,2.036,2.019,Adjusted net national income per capita (current US$),26076.45597,28415.73956,30380.02648,38175.9452,42636.91821,51076.27378,37093.493669999996,41865.062789999996,51131.58177,55369.38782999999,57055.34915,77.20160976,77.3247561,77.44892683,77.57717073,77.711,77.84992683,77.99595122,78.14604878,78.29968293,78.45380488,78.60690244,668165.0,732096.0,836924.0,988448.0,1178955.0,1388962.0,1591151.0,1765513.0,1905437.0,2015624.0,2101288.0
Romania,ROU,Europe & Central Asia,1.31,1.35,1.39,1.4,1.42,1.53,1.57,1.54,1.46,1.53,1.53,Adjusted net national income per capita (current US$),2069.203775,2659.235211,3607.320236,4520.555683,6698.924123,8348.083752,6762.106827,6554.84463,7082.932263,6665.513605,7465.383108,71.3097561,71.59427561,71.87889512,72.16341463,72.56585366,72.56585366,73.3097561,73.45853659,74.56341463,74.46341463,74.46341463,21574326.0,21451748.0,21319685.0,21193760.0,20882982.0,20537875.0,20367487.0,20246871.0,20147528.0,20058035.0,19983693.0
Russian Federation,RUS,Europe & Central Asia,1.31,1.33,1.29,1.3,1.41,1.49,1.54,1.57,1.58,1.7,1.7,Adjusted net national income per capita (current US$),2208.215596,3134.984306,4056.771604,5321.426269,7223.311219,9065.808277,6660.24511,8426.137374,11257.9772,12109.25721,12577.152890000001,65.00756098,65.42121951,65.47,66.64317073,67.49756098,67.84878049,68.60487805,68.85609756,69.65853659,70.36585366,71.07317073,144648257.0,144067054.0,143518523.0,143049528.0,142805088.0,142742350.0,142785342.0,142849449.0,142960868.0,143201676.0,143506911.0
Rwanda,RWA,Sub-Saharan Africa,5.566,5.462999999999999,5.365,5.267,5.167000000000001,5.062,4.954,4.841,4.728,4.6160000000000005,4.508,Adjusted net national income per capita (current US$),169.2820165,194.5054841,240.6444858,290.6773036,337.8609524,406.0964464,443.3704903,467.43743,516.9112324,559.2688491,561.7504725,51.86207317,53.45509756,55.1924878,56.9757561,58.64790244,60.09246341,61.28002439,62.21214634,62.92241463,63.49285366,63.99397561,8686469.0,8828956.0,9008230.0,9231041.0,9481083.0,9750314.0,10024594.0,10293669.0,10556429.0,10817350.0,11078095.0
Saudi Arabia,SAU,Middle East & North Africa,3.4819999999999998,3.3489999999999998,3.234,3.136,3.05,2.971,2.898,2.8289999999999997,2.763,2.702,2.6439999999999997,Adjusted net national income per capita (current US$),7593.7397,8574.709687,10512.4788,11782.90532,12891.18451,15293.826990000001,13375.003270000001,15762.79865,18575.20644,19686.00677,19404.08233,73.43434146,73.69029268,73.9382439,74.17863415,74.4115122,74.63787805,74.8592439,75.07560976,75.288,75.49690244,75.70336585,23357887.0,24055573.0,24745230.0,25419994.0,26083522.0,26742842.0,27409491.0,28090647.0,28788438.0,29496047.0,30201051.0
Senegal,SEN,Sub-Saharan Africa,5.346,5.285,5.229,5.181,5.14,5.107,5.078,5.05,5.019,4.981,4.934,Adjusted net national income per capita (current US$),728.6458151,834.9762677,882.8625413999999,924.1746398,1089.0759189999999,1264.5605269999999,1165.606344,1134.644425,1196.414538,1151.222956,1190.596826,59.26165854,59.89929268,60.54970732,61.16868293,61.72353659,62.19263415,62.56441463,62.84187805,63.04258537,63.20217073,63.35073171,10673320.0,10967016.0,11268994.0,11578430.0,11897230.0,12229703.0,12581624.0,12956791.0,13357003.0,13780108.0,14221041.0
Singapore,SGP,East Asia & Pacific,1.27,1.26,1.26,1.28,1.29,1.28,1.22,1.15,1.2,1.29,1.19,Adjusted net national income per capita (current US$),18957.85725,21320.88783,23518.8126,27772.868389999996,32733.473019999998,32315.54814,30934.0075,40099.66612,44990.33074,45322.020039999996,46752.70187,79.03902439,79.4902439,79.9902439,80.14146341,80.44146341,80.79024390000001,81.24146341,81.54146341,81.74390244,81.99512195,82.34634146,4114800.0,4166700.0,4265800.0,4401400.0,4588600.0,4839400.0,4987600.0,5076700.0,5183700.0,5312400.0,5399200.0
Solomon Islands,SLB,East Asia & Pacific,4.578,4.54,4.502,4.459,4.412,4.359,4.3,4.236000000000001,4.168,4.099,4.031000000000001,Adjusted net national income per capita (current US$),631.9342719,702.6730791,735.3816671,766.5592721,704.377113,690.6213977000001,587.7942652,612.9461212,759.4089131,1103.9934349999999,1304.025889,64.61409756,65.11287805,65.5534878,65.93512195,66.26780488,66.56221951,66.82568293,67.06665854,67.29221951,67.50707317,67.71690244,446352.0,457841.0,469306.0,480716.0,492075.0,503410.0,514767.0,526177.0,537648.0,549162.0,560685.0
Sierra Leone,SLE,Sub-Saharan Africa,5.664,5.56,5.4510000000000005,5.34,5.232,5.127999999999999,5.032,4.9430000000000005,4.861000000000001,4.782,4.705,Adjusted net national income per capita (current US$),213.70825200000002,217.5653872,242.9610735,273.5980472,320.91864419999996,375.0586184,359.78409930000004,346.35421180000003,374.7678116,488.616517,569.0393867,40.48607317,41.33317073,42.14521951,42.88253659,43.5264878,44.06746341,44.50143902,44.83895122,45.10258537,45.32904878,45.55095122,4647701.0,4870467.0,5071271.0,5243214.0,5391108.0,5521838.0,5647194.0,5775902.0,5908908.0,6043157.0,6178859.0
El Salvador,SLV,Latin America & Caribbean,2.58,2.496,2.4330000000000003,2.386,2.35,2.319,2.291,2.263,2.2359999999999998,2.209,2.184,Adjusted net national income per capita (current US$),2023.1454219999998,2075.356023,2215.643146,2406.072874,2538.176071,2672.836977,2567.809182,2684.767313,2950.62509,3002.292644,3047.933141,70.14958537,70.34773171,70.54639024,70.75056098,70.9602439,71.17795122,71.40265854,71.63441463,71.86870732,72.10453659,72.33892683,5900929.0,5925089.0,5947206.0,5967556.0,5986414.0,6004199.0,6021368.0,6038306.0,6055208.0,6072233.0,6089644.0
Suriname,SUR,Latin America & Caribbean,2.609,2.562,2.5180000000000002,2.478,2.441,2.406,2.374,2.345,2.318,2.292,2.2680000000000002,Adjusted net national income per capita (current US$),2107.811294,2351.935234,2837.917943,4148.067169,4696.696097999999,5291.387734,5979.600947999999,5592.949122999999,4548.192775,5252.903793,6007.105954,68.32963415,68.56597561,68.8444878,69.15214634,69.46790244,69.77570732,70.06702439,70.33582927,70.58112195,70.81139024,71.03163415,487641.0,489312.0,491999.0,495953.0,500953.0,506657.0,512522.0,518141.0,523439.0,528535.0,533450.0
Slovak Republic,SVK,Europe & Central Asia,1.2,1.25,1.27,1.25,1.27,1.34,1.44,1.43,1.45,1.34,1.34,Adjusted net national income per capita (current US$),6352.946459000001,7990.30173,8936.339576,10191.47254,12678.07925,14943.82426,13082.05511,12941.0027,13890.811919999998,13424.109190000001,14230.30025,73.60487805,73.95853659,73.90487805,74.20487805,74.20731707,74.70487805,74.9097561,75.11219512,75.95853659,76.1097561,76.26097561,5373374.0,5372280.0,5372807.0,5373054.0,5374622.0,5379233.0,5386406.0,5391428.0,5398384.0,5407579.0,5413393.0
Slovenia,SVN,Europe & Central Asia,1.2,1.25,1.26,1.31,1.38,1.53,1.53,1.57,1.56,1.58,1.58,Adjusted net national income per capita (current US$),12052.653470000001,13887.36205,14687.25913,15951.844340000001,19181.34545,22017.577859999998,19487.96931,18452.07314,19626.6507,17391.05935,18064.11477,76.85853659,77.20731707,77.61219512,78.08658537,78.56097561,78.76585366,78.97073171,79.42195122,79.97073171,80.12439024,80.27804878,1995733.0,1997012.0,2000474.0,2006868.0,2018122.0,2021316.0,2039669.0,2048583.0,2052843.0,2057159.0,2059953.0
Sweden,SWE,Europe & Central Asia,1.71,1.75,1.77,1.85,1.88,1.91,1.94,1.98,1.9,1.91,1.91,Adjusted net national income per capita (current US$),31795.671789999997,36115.35933,36975.193439999995,40373.92445,46692.87311,48736.35509,39276.820680000004,44707.624710000004,50888.76539,48819.849930000004,51587.766319999995,80.09512195,80.49756098,80.54634146,80.74878049,80.9,81.1,81.35121951,81.45121951,81.80243902,81.70487805,81.70487805,8958229.0,8993531.0,9029572.0,9080505.0,9148092.0,9219637.0,9298515.0,9378126.0,9449213.0,9519374.0,9600379.0
Seychelles,SYC,Sub-Saharan Africa,2.1,2.0,2.2,2.1,2.24,2.3,2.4,2.1,2.4,2.4,2.4,Adjusted net national income per capita (current US$),7178.221356,9336.521432,10346.38871,11376.07588,10697.07979,9060.846712,8530.564994,9148.702691,10297.11385,10211.74128,12270.14458,71.02926829,72.6097561,72.13170732,72.21707317,73.19268293,73.16341463,73.03414634,73.19756098,72.72439024,74.22682927,74.22682927,82800.0,82500.0,82900.0,84600.0,85033.0,86956.0,87298.0,89770.0,87441.0,88303.0,89900.0
Chad,TCD,Sub-Saharan Africa,7.212000000000001,7.147,7.074,6.992000000000001,6.902,6.805,6.702000000000001,6.596,6.486000000000001,6.375,6.263,Adjusted net national income per capita (current US$),206.3433249,228.9779794,353.86882760000003,380.404893,461.72499510000006,511.0639056,609.0710736000001,670.4529455,708.383556,715.9332114,741.2047746000001,47.12314634,47.36978049,47.67156098,48.028,48.42717073,48.85717073,49.30753659,49.76985366,50.23619512,50.70058537,51.15907317,9353516.0,9710498.0,10067932.0,10423616.0,10779504.0,11139740.0,11510535.0,11896380.0,12298512.0,12715465.0,13145788.0
Togo,TGO,Sub-Saharan Africa,5.111000000000001,5.059,5.0089999999999995,4.962,4.918,4.876,4.835,4.792,4.746,4.695,4.638999999999999,Adjusted net national income per capita (current US$),336.7304308,362.6929976,357.60493110000004,372.1954682,394.25737710000004,446.2710305,434.5149233,433.6858413,473.39146050000005,391.46981,460.57996799999995,53.81943902,53.97126829,54.14317073,54.34153659,54.57373171,54.84319512,55.14390244,55.46887805,55.80765854,56.15034146,56.488512199999995,5283246.0,5428552.0,5578219.0,5732175.0,5890414.0,6052937.0,6219761.0,6390851.0,6566179.0,6745581.0,6928719.0
Thailand,THA,East Asia & Pacific,1.588,1.5630000000000002,1.5390000000000001,1.517,1.496,1.4769999999999999,1.459,1.443,1.4269999999999998,1.412,1.399,Adjusted net national income per capita (current US$),1859.517236,2103.991274,2274.6997579999997,2673.468734,3177.12251,3425.589865,3322.445945,4000.155715,4364.812004,4494.163775,4622.312996,71.6445122,71.97560976,72.32841463,72.68192683,73.01817073,73.32221951,73.58707317,73.81378049,74.00890244,74.18797561,74.36507317,64817254.0,65404522.0,65863973.0,66174486.0,66353572.0,66453255.0,66548197.0,66692024.0,66902958.0,67164130.0,67451422.0
Tonga,TON,East Asia & Pacific,4.202,4.177,4.144,4.104,4.059,4.012,3.963,3.9139999999999997,3.864,3.815,3.767,Adjusted net national income per capita (current US$),1885.956259,2124.6465510000003,2382.325065,2707.1563730000003,2757.732609,3171.513152,2894.880072,3346.562594,3833.2943490000002,4320.979425,4156.936454,71.17543902,71.31443902,71.45334146,71.59370732,71.7375122,71.88270732,72.0317561,72.18263415,72.3352439,72.48899999999999,72.64231707,99606.0,100226.0,100858.0,101507.0,102169.0,102816.0,103416.0,103947.0,104392.0,104769.0,105139.0
Trinidad and Tobago,TTO,Latin America & Caribbean,1.749,1.758,1.7690000000000001,1.7790000000000001,1.788,1.796,1.8,1.8019999999999998,1.801,1.7990000000000002,1.797,Adjusted net national income per capita (current US$),6294.260118,7920.519876,8706.899648,9505.599521,11710.868059999999,15608.04353,10392.14717,12174.539840000001,11936.525679999999,12659.33736,13779.401259999999,68.80543902,68.90056098,69.00778049,69.12446341,69.24402439,69.36436585,69.4824878,69.59736585,69.70856098,69.81714634,69.92521951,1284052.0,1290535.0,1296933.0,1303141.0,1309260.0,1315372.0,1321624.0,1328095.0,1334790.0,1341579.0,1348240.0
Tunisia,TUN,Middle East & North Africa,2.06,2.02,2.04,2.03,2.04,2.06,2.05,2.13,2.15,2.2,2.25,Adjusted net national income per capita (current US$),2199.98702,2471.238159,2467.594787,2611.439494,2846.80346,3124.143636,3104.878797,3150.684161,3192.545604,3117.784323,3155.600333,73.05121951,73.30243902,73.50243902,73.9,74.20243902,74.30243902,74.45121951,74.60243902,74.34390244,73.99512195,73.64634146,9839800.0,9932400.0,10029000.0,10127900.0,10225100.0,10328900.0,10439600.0,10547100.0,10673800.0,10777500.0,10886500.0
Turkey,TUR,Europe & Central Asia,2.311,2.27,2.234,2.202,2.173,2.147,2.123,2.101,2.08,2.06,2.041,Adjusted net national income per capita (current US$),3933.742523,5076.7721520000005,6266.758745,6804.254742,8198.819565,9081.516068,7450.690776,8954.726933,9573.265339,9883.280155,10611.0018,71.55987805,72.01112195,72.42836585,72.81573171,73.18192683,73.53419512,73.87609756,74.21119512,74.54048780000001,74.86243902,75.17595122,66060121.0,66973561.0,67860617.0,68704721.0,69515492.0,70344357.0,71261307.0,72310416.0,73199372.0,74099255.0,75010202.0
Tanzania,TZA,Sub-Saharan Africa,5.659,5.651,5.638,5.6160000000000005,5.585,5.542999999999999,5.49,5.428,5.359,5.287000000000001,5.2139999999999995,Adjusted net national income per capita (current US$),379.8840956,404.5473454,429.9515532,433.8741984,487.5983943,604.5306895,610.7045181,646.9994131,677.5530727999999,763.1900161,865.5891359999999,51.94665854,52.84078049,53.82534146,54.88426829,55.98765854,57.09717073,58.17595122,59.18170732,60.07465854,60.84643902,61.49314634,36866228.0,37935334.0,39065600.0,40260847.0,41522004.0,42844744.0,44222113.0,45648525.0,47122998.0,48645709.0,50213457.0
Uganda,UGA,Sub-Saharan Africa,6.716,6.653,6.582999999999999,6.507000000000001,6.425,6.337999999999999,6.247999999999999,6.155,6.06,5.9639999999999995,5.867000000000001,Adjusted net national income per capita (current US$),173.2595708,227.0039917,252.29184819999998,272.325643,315.1360755,345.2057582,444.6429642,487.94291610000005,458.0317702,492.07169519999997,504.54888439999996,50.88878049,51.87136585,52.83992683,53.78785366,54.71763415,55.62439024,56.491756099999996,57.29653659,58.01753659,58.64797561,59.19,26217760.0,27114742.0,28042413.0,29000925.0,29991958.0,31014427.0,32067125.0,33149417.0,34260342.0,35400620.0,36573387.0
Ukraine,UKR,Europe & Central Asia,1.172,1.218,1.213,1.31,1.345,1.4580000000000002,1.46,1.445,1.459,1.531,1.506,Adjusted net national income per capita (current US$),833.4550529,1104.243151,1507.954483,1898.607393,2546.9261920000004,3282.978207,2059.2687730000002,2423.991732,2903.8060140000002,3229.209128,3348.884253,68.21073171,68.18536585,67.95682927,68.07756098,68.22219512,68.25146341,69.19,70.26536585,70.80926829,70.94414634,71.1595122,47812950.0,47451600.0,47105150.0,46787750.0,46509350.0,46258200.0,46053300.0,45870700.0,45706100.0,45593300.0,45489600.0
Uruguay,URY,Latin America & Caribbean,2.188,2.171,2.155,2.138,2.122,2.1069999999999998,2.093,2.08,2.068,2.056,2.046,Adjusted net national income per capita (current US$),3148.97475,3558.2721,4586.340751,5190.943777,6194.199085,7891.711386,8200.361957,10256.277409999999,12309.123090000001,13188.75469,14726.24838,75.29968293,75.51326829,75.72285366,75.92495122,76.11604878,76.29512195,76.46117073,76.61621951,76.76426829,76.90782927,77.05141463,3325637.0,3324096.0,3325608.0,3331041.0,3339750.0,3350832.0,3362761.0,3374414.0,3385610.0,3396753.0,3407969.0
United States,USA,North America,2.0475,2.0515,2.057,2.108,2.12,2.072,2.002,1.931,1.8945,1.8805,1.8695,Adjusted net national income per capita (current US$),33837.16083,35784.99783,37619.953839999995,39790.85077,40672.60019,40434.22882,39399.2691,40911.95717,42551.140139999996,44822.1606,45734.87711,76.98780488,77.33902439,77.33902439,77.58780488,77.83902439,77.93902439,78.0902439,78.54146341,78.64146341,78.74146341,78.84146341,290107933.0,292805298.0,295516599.0,298379912.0,301231207.0,304093966.0,306771529.0,309347057.0,311721632.0,314112078.0,316497531.0
Uzbekistan,UZB,Europe & Central Asia,2.36,2.46,2.36,2.39,2.55,2.64,2.53,2.34,2.3,2.3,2.2,Adjusted net national income per capita (current US$),305.93452,371.33691039999997,442.36062630000004,484.22551910000004,673.5372376,872.3397843,1007.3203189999999,1177.694674,1300.4115689999999,1466.402545,1653.301665,67.18660976,67.26502439,67.34704878,67.43514634,67.52970732,67.63217073,67.74202439,67.8587561,67.98039024,68.104,68.22758537,25567650.0,25864350.0,26167000.0,26488250.0,26868000.0,27302800.0,27767400.0,28562400.0,29339400.0,29774500.0,30243200.0
St. Vincent and the Grenadines,VCT,Latin America & Caribbean,2.229,2.1959999999999997,2.17,2.149,2.131,2.112,2.092,2.07,2.046,2.021,1.9969999999999999,Adjusted net national income per capita (current US$),3638.299643,3887.935651,4135.987446,4638.346857,4958.874892,5356.360547,5297.132068999999,5355.418168,5311.795983,5528.202175,5610.5898,70.8667561,71.04492683,71.25256098,71.47280488,71.68734146,71.88092683,72.04746341,72.18492683,72.29943902,72.40121951,72.50097561,108354.0,108563.0,108749.0,108908.0,109049.0,109165.0,109255.0,109316.0,109341.0,109334.0,109327.0
"Venezuela, RB",VEN,Latin America & Caribbean,2.701,2.6639999999999997,2.6289999999999996,2.595,2.562,2.531,2.501,2.472,2.444,2.417,2.39,Adjusted net national income per capita (current US$),2787.957488,3573.531534,4536.096234000001,5748.202166,7501.190898000001,10436.13154,10769.96472,12662.48602,9750.419026000001,11640.68732,11106.459209999999,72.88795122,73.06587805,73.25378049,73.44768293,73.63909756,73.82502439,74.0024878,74.17046341,74.33097561,74.4875122,74.64309756,25857553.0,26314483.0,26769115.0,27221228.0,27670659.0,28116716.0,28558607.0,28995745.0,29427631.0,29854238.0,30276045.0
Vietnam,VNM,East Asia & Pacific,1.9069999999999998,1.902,1.8969999999999998,1.889,1.8769999999999998,1.8619999999999999,1.8430000000000002,1.82,1.794,1.768,1.743,Adjusted net national income per capita (current US$),458.0486693,504.07052450000003,561.6719056,625.9707122000001,731.9843647000001,918.0936711,878.0558004000001,1075.566059,1230.177868,1410.474089,1539.514821,74.29924390000001,74.4737561,74.62785366,74.76863415,74.90219512,75.03507317,75.1707561,75.31173171,75.45790244,75.60668293,75.7564878,80467400.0,81436400.0,82392100.0,83311200.0,84218500.0,85118700.0,86025000.0,86932500.0,87840000.0,88772900.0,89708900.0
Vanuatu,VUT,East Asia & Pacific,4.056,3.95,3.8510000000000004,3.76,3.679,3.608,3.549,3.4989999999999997,3.4560000000000004,3.4189999999999996,3.3819999999999997,Adjusted net national income per capita (current US$),1354.005689,1523.255894,1577.8290550000002,1759.107457,2038.879723,2446.942476,2295.9980760000003,2547.979663,2831.191397,2645.696101,2808.0181629999997,68.65170732,68.99,69.31685366,69.6347561,69.94421951,70.24773171,70.54580488,70.83890244,71.12804878,71.41068293,71.68682927,198963.0,204144.0,209375.0,214635.0,219956.0,225335.0,230782.0,236299.0,241876.0,247498.0,253165.0
Samoa,WSM,East Asia & Pacific,4.454,4.456,4.46,4.46,4.45,4.426,4.388999999999999,4.338,4.277,4.212,4.147,Adjusted net national income per capita (current US$),1525.955779,1889.268725,2046.5403260000003,2252.620672,2463.217162,2860.381281,2529.587214,2931.103713,3345.90547,3622.822222,3610.39445,70.42626829,70.71460976,70.99692683,71.27665854,71.55729268,71.83780488,72.12170732,72.40802439,72.69578049,72.98204878,73.26487805,177677.0,178794.0,179928.0,181072.0,182238.0,183440.0,184700.0,186029.0,187434.0,188901.0,190390.0
"Yemen, Rep.",YEM,Middle East & North Africa,5.782,5.587999999999999,5.393,5.199,5.01,4.829,4.658,4.498,4.348,4.207,4.075,Adjusted net national income per capita (current US$),383.84668450000004,419.06669439999996,455.30962300000004,546.2042531000001,660.4488572,804.8478610000001,861.3132483999999,1005.9313689999999,1051.287036,1198.2642640000001,1319.120252,61.11834146,61.32865854,61.53492683,61.73865854,61.93978049,62.13782927,62.33378049,62.52765854,62.718487800000005,62.90578049,63.08958537,19374012.0,19931617.0,20504385.0,21093973.0,21701105.0,22322699.0,22954226.0,23591972.0,24234940.0,24882792.0,25533217.0
South Africa,ZAF,Sub-Saharan Africa,2.763,2.721,2.675,2.627,2.58,2.5380000000000003,2.5,2.467,2.438,2.412,2.387,Adjusted net national income per capita (current US$),3107.7825780000003,4019.708523,4491.725589,4641.622463000001,4907.187901,4413.440222,4732.589964,5883.215157,6387.854128,6017.126222,5443.181596,52.5237561,51.8737561,51.55734146,51.61370732,51.996512200000005,52.63602439,53.46709756,54.3907561,55.29565854,56.09831707,56.73658537,46127031.0,46727694.0,47349013.0,47991699.0,48656506.0,49344228.0,50055701.0,50791808.0,51553479.0,52341695.0,53157490.0
"Congo, Dem. Rep.",COD,Sub-Saharan Africa,6.8870000000000005,6.809,6.728,6.642,6.55,6.454,6.354,6.251,6.146,6.039,5.933,Adjusted net national income per capita (current US$),139.2821946,153.8268085,169.74538,183.3735355,199.2274344,217.825676,202.7707647,242.20468309999998,266.3433483,290.0086903,292.35275319999994,47.3314878,47.59912195,47.82160976,48.01553659,48.213512200000004,48.43958537,48.69780488,48.98768293,49.30070732,49.62326829,49.94385366,52602208.0,54314855.0,56089536.0,57926840.0,59834875.0,61809278.0,63845097.0,65938712.0,68087376.0,70291160.0,72552861.0
Zambia,ZMB,Sub-Saharan Africa,5.995,5.974,5.954,5.932,5.9079999999999995,5.881,5.849,5.813,5.773,5.731,5.687,Adjusted net national income per capita (current US$),360.1543848,410.39398450000004,519.2062908,708.0711246000001,728.6552392000001,972.4359506000001,854.6808004000001,999.1322324999999,1151.028184,1305.565777,1364.893867,44.52226829,45.765,47.12834146,48.58492683,50.09853659,51.62214634,53.11336585,54.52756098,55.83314634,57.02258537,58.09278049,11426006.0,11725635.0,12043591.0,12381509.0,12738676.0,13114579.0,13507849.0,13917439.0,14343526.0,14786581.0,15246086.0
Zimbabwe,ZWE,Sub-Saharan Africa,4.002,3.987,3.969,3.9410000000000003,3.903,3.853,3.792,3.721,3.6430000000000002,3.5639999999999996,3.486,Adjusted net national income per capita (current US$),442.29772919999994,435.3583159,431.89648789999995,392.7834434,364.96110089999996,290.84153599999996,637.3503559,773.9580053,830.4665421,934.2659654999999,1105.223859,42.87385366,43.1782439,43.88839024,45.08426829,46.74973171,48.80834146,51.14792683,53.59312195,55.94621951,58.04597561,59.773487800000005,12774162.0,12867828.0,12984418.0,13127942.0,13297798.0,13495462.0,13720997.0,13973897.0,14255592.0,14565482.0,14898092.0
