Country Name,Country Code,Region ,Indicator Name,Indicator Code,2003,2004,2005,2006,2007,2008,2009,2010,2011,2012,2013
Aruba,ABW,Latin America & Caribbean,"Population, total",SP.POP.TOTL,97015,98742,100031,100830,101218,101342,101416,101597,101936,102393,102921
Andorra,AND,Europe & Central Asia,"Population, total",SP.POP.TOTL,74783,78337,81223,83373,84878,85616,85474,84419,82326,79316,75902
Afghanistan,AFG,South Asia,"Population, total",SP.POP.TOTL,22507368,23499850,24399948,25183615,25877544,26528741,27207291,27962207,28809167,29726803,30682500
Angola,AGO,Sub-Saharan Africa,"Population, total",SP.POP.TOTL,16691395,17295500,17912942,18541467,19183907,19842251,20520103,21219954,21942296,22685632,23448202
Albania,ALB,Europe & Central Asia,"Population, total",SP.POP.TOTL,3039616,3026939,3011487,2992547,2970017,2947314,2927519,2913021,2904780,2900489,2897366
United Arab Emirates,ARE,Middle East & North Africa,"Population, total",SP.POP.TOTL,3625798,3975945,4481976,5171255,6010100,6900142,7705423,8329453,8734722,8952542,9039978
Argentina,ARG,Latin America & Caribbean,"Population, total",SP.POP.TOTL,38309475,38728778,39145491,39558750,39969903,40381860,40798641,41222875,41655616,42095224,42538304
Armenia,ARM,Europe & Central Asia,"Population, total",SP.POP.TOTL,3036420,3025982,3014917,3002161,2988117,2975029,2966108,2963496,2967984,2978339,2992192
American Samoa,ASM,East Asia & Pacific,"Population, total",SP.POP.TOTL,59117,59262,59117,58648,57904,57031,56226,55636,55316,55227,55302
Antigua and Barbuda,ATG,Latin America & Caribbean,"Population, total",SP.POP.TOTL,80904,81718,82565,83467,84397,85350,86300,87233,88152,89069,89985
Australia,AUS,East Asia & Pacific,"Population, total",SP.POP.TOTL,19895400,20127400,20394800,20697900,20827600,21249200,21691700,22031750,22340024,22728254,23125868
Austria,AUT,Europe & Central Asia,"Population, total",SP.POP.TOTL,8121423,8171966,8227829,8268641,8295487,8321496,8343323,8363404,8391643,8429991,8479375
Azerbaijan,AZE,Europe & Central Asia,"Population, total",SP.POP.TOTL,8234100,8306500,8391850,8484550,8581300,8763400,8947243,9054332,9173082,9295784,9416801
Burundi,BDI,Sub-Saharan Africa,"Population, total",SP.POP.TOTL,7401215,7661613,7934213,8218070,8514578,8821795,9137786,9461117,9790151,10124572,10465959
Belgium,BEL,Europe & Central Asia,"Population, total",SP.POP.TOTL,10376133,10421137,10478617,10547958,10625700,10709973,10796493,10920272,11047744,11128246,11182817
Benin,BEN,Sub-Saharan Africa,"Population, total",SP.POP.TOTL,7665681,7922796,8182362,8443717,8707637,8973525,9240982,9509798,9779391,10049792,10322232
Burkina Faso,BFA,Sub-Saharan Africa,"Population, total",SP.POP.TOTL,12651596,13028039,13421929,13834195,14264002,14709011,15165856,15632066,16106851,16590813,17084554
Bangladesh,BGD,South Asia,"Population, total",SP.POP.TOTL,138600174,140843786,142929979,144839238,146592687,148252473,149905836,151616777,153405612,155257387,157157394
Bulgaria,BGR,Europe & Central Asia,"Population, total",SP.POP.TOTL,7823557,7781161,7739900,7699020,7545338,7492561,7444443,7395599,7348328,7305888,7265115
Bahrain,BHR,Middle East & North Africa,"Population, total",SP.POP.TOTL,761595,807989,867014,940808,1026568,1115777,1196774,1261319,1306014,1333577,1349427
"Bahamas, The",BHS,Latin America & Caribbean,"Population, total",SP.POP.TOTL,315757,322539,329243,335801,342259,348587,354780,360830,366711,372388,377841
Bosnia and Herzegovina,BIH,Europe & Central Asia,"Population, total",SP.POP.TOTL,3817313,3825872,3833377,3838504,3840418,3839749,3837732,3835258,3832310,3828419,3823533
Belarus,BLR,Europe & Central Asia,"Population, total",SP.POP.TOTL,9797000,9730000,9663000,9604000,9560000,9528000,9507000,9490000,9473000,9464000,9466000
Belize,BLZ,Latin America & Caribbean,"Population, total",SP.POP.TOTL,269132,276085,283279,290751,298403,306165,313925,321609,329193,336707,344193
Bermuda,BMU,North America,"Population, total",SP.POP.TOTL,63325,63740,64154,64523,64888,65273,65636,65124,64564,64798,65001
Bolivia,BOL,Latin America & Caribbean,"Population, total",SP.POP.TOTL,8810420,8967740,9125405,9283345,9441482,9599916,9758799,9918245,10078238,10238762,10399931
Brazil,BRA,Latin America & Caribbean,"Population, total",SP.POP.TOTL,183627339,186116363,188479240,190698241,192784521,194769696,196701298,198614208,200517584,202401584,204259377
Barbados,BRB,Latin America & Caribbean,"Population, total",SP.POP.TOTL,272261,273091,274013,275040,276154,277315,278466,279566,280602,281580,282503
Brunei Darussalam,BRN,East Asia & Pacific,"Population, total",SP.POP.TOTL,349557,355700,361889,368150,374459,380786,387080,393302,399443,405512,411499
Bhutan,BTN,South Asia,"Population, total",SP.POP.TOTL,616474,634235,651163,666920,681471,694990,707830,720246,732246,743711,754637
Botswana,BWA,Sub-Saharan Africa,"Population, total",SP.POP.TOTL,1810438,1835750,1864003,1895671,1930431,1967866,2007212,2047831,2089706,2132822,2176510
Central African Republic,CAF,Sub-Saharan Africa,"Population, total",SP.POP.TOTL,3923294,3987896,4055608,4127112,4202104,4280405,4361492,4444973,4530903,4619500,4710678
Canada,CAN,North America,"Population, total",SP.POP.TOTL,31676000,31995000,32312000,32570505,32887928,33245773,33628571,34005274,34342780,34754312,35158304
Switzerland,CHE,Europe & Central Asia,"Population, total",SP.POP.TOTL,7339001,7389625,7437115,7483934,7551117,7647675,7743831,7824909,7912398,7996861,8089346
Channel Islands,CHI,Europe & Central Asia,"Population, total",SP.POP.TOTL,152034,153170,154298,155415,156516,157587,158613,159583,160489,161336,162138
Chile,CHL,Latin America & Caribbean,"Population, total",SP.POP.TOTL,15729268,15913119,16096571,16279728,16462701,16645940,16829957,17015048,17201305,17388437,17575833
China,CHN,East Asia & Pacific,"Population, total",SP.POP.TOTL,1288400000,1296075000,1303720000,1311020000,1317885000,1324655000,1331260000,1337705000,1344130000,1350695000,1357380000
Cote d'Ivoire,CIV,,"Population, total",SP.POP.TOTL,17491539,17802516,18132702,18486392,18862172,19261647,19684909,20131707,20604172,21102641,21622490
Cameroon,CMR,Sub-Saharan Africa,"Population, total",SP.POP.TOTL,17218591,17667576,18126999,18597109,19078100,19570418,20074522,20590666,21119065,21659488,22211166
"Congo, Rep.",COG,Sub-Saharan Africa,"Population, total",SP.POP.TOTL,3331564,3412592,3503086,3604595,3715665,3832771,3950786,4066078,4177435,4286188,4394334
Colombia,COL,Latin America & Caribbean,"Population, total",SP.POP.TOTL,42152147,42724157,43285636,43835744,44374647,44901660,45416276,45918101,46406446,46881018,47342363
Comoros,COM,Sub-Saharan Africa,"Population, total",SP.POP.TOTL,589500,603869,618632,633814,649404,665414,681845,698695,715972,733661,751697
Cabo Verde,CPV,Sub-Saharan Africa,"Population, total",SP.POP.TOTL,462675,468985,474224,478265,481278,483824,486673,490379,495159,500870,507258
Costa Rica,CRI,Latin America & Caribbean,"Population, total",SP.POP.TOTL,4125970,4187039,4247843,4308790,4369465,4429506,4488261,4545273,4600487,4654148,4706433
Cuba,CUB,Latin America & Caribbean,"Population, total",SP.POP.TOTL,11214837,11240680,11261052,11275199,11284043,11290239,11297442,11308133,11323570,11342631,11362505
Curacao,CUW,,"Population, total",SP.POP.TOTL,131897,134192,137658,141239,144056,145880,146833,148703,150831,152088,153821
Cayman Islands,CYM,Latin America & Caribbean,"Population, total",SP.POP.TOTL,46032,47299,48623,50028,51480,52925,54285,55509,56580,57522,58369
Cyprus,CYP,Europe & Central Asia,"Population, total",SP.POP.TOTL,998150,1015827,1032586,1048293,1063040,1077010,1090486,1103685,1116644,1129303,1141652
Czech Republic,CZE,Europe & Central Asia,"Population, total",SP.POP.TOTL,10193998,10197101,10211216,10238905,10298828,10384603,10443936,10474410,10496088,10510785,10514272
Germany,DEU,Europe & Central Asia,"Population, total",SP.POP.TOTL,82534176,82516260,82469422,82376451,82266372,82110097,81902307,81776930,81797673,80425823,80645605
Djibouti,DJI,Middle East & North Africa,"Population, total",SP.POP.TOTL,756656,767644,778406,788941,799309,809639,820097,830802,841802,853069,864554
Dominica,DMA,Latin America & Caribbean,"Population, total",SP.POP.TOTL,70058,70325,70542,70690,70795,70881,70995,71167,71402,71685,72005
Denmark,DNK,Europe & Central Asia,"Population, total",SP.POP.TOTL,5390574,5404523,5419432,5437272,5461438,5493621,5523095,5547683,5570572,5591572,5614932
Dominican Republic,DOM,Latin America & Caribbean,"Population, total",SP.POP.TOTL,8967759,9102997,9237565,9371333,9504336,9636491,9767737,9897983,10027140,10155036,10281408
Algeria,DZA,Middle East & North Africa,"Population, total",SP.POP.TOTL,32394886,32817225,33267887,33749328,34261971,34811059,35401790,36036159,36717132,37439427,38186135
Ecuador,ECU,Latin America & Caribbean,"Population, total",SP.POP.TOTL,13289600,13509645,13735232,13967490,14205479,14447600,14691310,14934692,15177280,15419493,15661312
"Egypt, Arab Rep.",EGY,Middle East & North Africa,"Population, total",SP.POP.TOTL,72247626,73596068,74942115,76274285,77605327,78976122,80442443,82040994,83787634,85660902,87613909
Eritrea,ERI,Sub-Saharan Africa,"Population, total",SP.POP.TOTL,3928408,4064958,4191273,4304440,4406299,4500638,4593549,4689664,4789568,4892233,4998824
Spain,ESP,Europe & Central Asia,"Population, total",SP.POP.TOTL,42187645,42921895,43653155,44397319,45226803,45954106,46362946,46576897,46742697,46773055,46620045
Estonia,EST,Europe & Central Asia,"Population, total",SP.POP.TOTL,1370720,1362550,1354775,1346810,1340680,1337090,1334515,1331475,1327439,1322696,1317997
Ethiopia,ETH,Sub-Saharan Africa,"Population, total",SP.POP.TOTL,72432290,74506974,76608431,78735675,80891968,83079608,85302099,87561814,89858696,92191211,94558374
Finland,FIN,Europe & Central Asia,"Population, total",SP.POP.TOTL,5213014,5228172,5246096,5266268,5288720,5313399,5338871,5363352,5388272,5413971,5438972
Fiji,FJI,East Asia & Pacific,"Population, total",SP.POP.TOTL,816626,818355,821820,827390,834729,843206,851854,859952,867327,874158,880487
France,FRA,Europe & Central Asia,"Population, total",SP.POP.TOTL,62244884,62704897,63179356,63621376,64016229,64374990,64707044,65027512,65342776,65639975,65925498
Faeroe Islands,FRO,Europe & Central Asia,"Population, total",SP.POP.TOTL,47812,48103,48337,48505,48599,48629,48613,48567,48492,48393,48292
"Micronesia, Fed. Sts.",FSM,East Asia & Pacific,"Population, total",SP.POP.TOTL,106816,106575,106198,105680,105080,104472,103961,103619,103476,103516,103718
Gabon,GAB,Sub-Saharan Africa,"Population, total",SP.POP.TOTL,1318093,1347524,1377777,1408920,1440902,1473741,1507428,1541936,1577298,1613489,1650351
United Kingdom,GBR,Europe & Central Asia,"Population, total",SP.POP.TOTL,59647577,59987905,60401206,60846820,61322463,61806995,62276270,62766365,63258918,63700300,64106779
Georgia,GEO,Europe & Central Asia,"Population, total",SP.POP.TOTL,4328900,4318300,4361400,4398000,4388400,4383800,4410900,4452800,4483350,4490700,4487200
Ghana,GHA,Sub-Saharan Africa,"Population, total",SP.POP.TOTL,20305396,20840493,21389514,21951891,22528041,23115919,23713164,24317734,24928503,25544565,26164432
Guinea,GIN,Sub-Saharan Africa,"Population, total",SP.POP.TOTL,9281572,9464771,9669023,9898301,10152521,10427356,10715770,11012406,11316351,11628767,11948726
"Gambia, The",GMB,Sub-Saharan Africa,"Population, total",SP.POP.TOTL,1350345,1394727,1440542,1487731,1536424,1586749,1638899,1693002,1749099,1807108,1866878
Guinea-Bissau,GNB,Sub-Saharan Africa,"Population, total",SP.POP.TOTL,1401716,1431816,1462784,1494603,1527342,1561293,1596832,1634196,1673509,1714620,1757138
Equatorial Guinea,GNQ,Sub-Saharan Africa,"Population, total",SP.POP.TOTL,586772,606201,625866,645718,665798,686223,707155,728710,750918,773729,797082
Greece,GRC,Europe & Central Asia,"Population, total",SP.POP.TOTL,11018324,11055729,11092913,11127947,11163002,11186439,11187085,11153454,11123213,11092771,11027549
Grenada,GRD,Latin America & Caribbean,"Population, total",SP.POP.TOTL,102371,102657,102951,103259,103587,103934,104298,104677,105070,105476,105902
Greenland,GRL,Europe & Central Asia,"Population, total",SP.POP.TOTL,56765,56911,56935,56774,56555,56328,56323,56905,56890,56810,56483
Guatemala,GTM,Latin America & Caribbean,"Population, total",SP.POP.TOTL,12573346,12877711,13183505,13490041,13797629,14106687,14418033,14732261,15049280,15368759,15690793
Guam,GUM,East Asia & Pacific,"Population, total",SP.POP.TOTL,157823,158194,158401,158429,158332,158310,158621,159440,160858,162807,165121
Guyana,GUY,Latin America & Caribbean,"Population, total",SP.POP.TOTL,742537,742162,742495,743705,745638,748096,750749,753362,755883,758410,761033
"Hong Kong SAR, China",HKG,East Asia & Pacific,"Population, total",SP.POP.TOTL,6730800,6783500,6813200,6857100,6916300,6957800,6972800,7024200,7071600,7154600,7187500
Honduras,HND,Latin America & Caribbean,"Population, total",SP.POP.TOTL,6626304,6753352,6880181,7007029,7133737,7259470,7383098,7503875,7621414,7736131,7849059
Croatia,HRV,Europe & Central Asia,"Population, total",SP.POP.TOTL,4440000,4439000,4442000,4440000,4436000,4434508,4429078,4417781,4280622,4267558,4255700
Haiti,HTI,Latin America & Caribbean,"Population, total",SP.POP.TOTL,8976555,9119182,9263409,9409479,9556958,9705130,9852953,9999617,10144890,10288828,10431249
Hungary,HUN,Europe & Central Asia,"Population, total",SP.POP.TOTL,10129552,10107146,10087065,10071370,10055780,10038188,10022650,10000023,9971727,9920362,9893082
Indonesia,IDN,East Asia & Pacific,"Population, total",SP.POP.TOTL,220307809,223268606,226254703,229263980,232296830,235360765,238465165,241613126,244808254,248037853,251268276
Isle of Man,IMN,Europe & Central Asia,"Population, total",SP.POP.TOTL,78975,79636,80345,81110,81914,82737,83548,84327,85069,85779,86462
India,IND,South Asia,"Population, total",SP.POP.TOTL,1108369577,1126419321,1144326293,1162088305,1179685631,1197070109,1214182182,1230984504,1247446011,1263589639,1279498874
Ireland,IRL,Europe & Central Asia,"Population, total",SP.POP.TOTL,3996521,4070262,4159914,4273591,4398942,4489544,4535375,4560155,4576794,4586897,4598294
"Iran, Islamic Rep.",IRN,Middle East & North Africa,"Population, total",SP.POP.TOTL,68522074,69321953,70122115,70923164,71720859,72530693,73370982,74253373,75184322,76156975,77152445
Iraq,IRQ,Middle East & North Africa,"Population, total",SP.POP.TOTL,25630426,26320530,27017712,27716983,28423538,29163327,29970634,30868156,31810191,32780975,33781385
Iceland,ISL,Europe & Central Asia,"Population, total",SP.POP.TOTL,289521,292074,296734,303782,311566,317414,318499,318041,319014,320716,323764
Israel,ISR,Middle East & North Africa,"Population, total",SP.POP.TOTL,6689700,6809000,6930100,7053700,7180100,7308800,7485600,7623600,7765800,7910500,8059500
Italy,ITA,Europe & Central Asia,"Population, total",SP.POP.TOTL,57313203,57685327,57969484,58143979,58438310,58826731,59095365,59277417,59379449,59539717,60233948
Jamaica,JAM,Latin America & Caribbean,"Population, total",SP.POP.TOTL,2624695,2634145,2643601,2653042,2662481,2671934,2681386,2690824,2699838,2707805,2714734
Jordan,JOR,Middle East & North Africa,"Population, total",SP.POP.TOTL,5164000,5290000,5411000,5536000,5661000,5786000,5915000,6046000,6181000,6318000,6460000
Japan,JPN,East Asia & Pacific,"Population, total",SP.POP.TOTL,127718000,127761000,127773000,127854000,128001000,128063000,128047000,128070000,127817277,127561489,127338621
Kazakhstan,KAZ,Europe & Central Asia,"Population, total",SP.POP.TOTL,14909018,15012985,15147029,15308084,15484192,15674000,16092701,16321581,16556600,16791425,17035275
Kenya,KEN,Sub-Saharan Africa,"Population, total",SP.POP.TOTL,33551079,34437460,35349040,36286015,37250540,38244442,39269988,40328313,41419954,42542978,43692881
Kyrgyz Republic,KGZ,Europe & Central Asia,"Population, total",SP.POP.TOTL,5043300,5104700,5162600,5218400,5268400,5318700,5383300,5447900,5514600,5607200,5719600
Cambodia,KHM,East Asia & Pacific,"Population, total",SP.POP.TOTL,12901217,13112334,13320058,13525360,13728700,13933660,14144337,14363586,14593099,14832255,15078564
Kiribati,KIR,East Asia & Pacific,"Population, total",SP.POP.TOTL,88892,90545,92329,94257,96310,98437,100566,102648,104662,106620,108544
St. Kitts and Nevis,KNA,Latin America & Caribbean,"Population, total",SP.POP.TOTL,47681,48424,49139,49818,50465,51093,51717,52352,52998,53650,54301
"Korea, Rep.",KOR,East Asia & Pacific,"Population, total",SP.POP.TOTL,47859311,48039415,48138077,48371946,48597652,48948698,49182038,49410366,49779440,50004441,50219669
Kosovo,KSV,Europe & Central Asia,"Population, total",SP.POP.TOTL,1703466,1704622,1705780,1719536,1733404,1747383,1761474,1775680,1790957,1805200,1818117
Kuwait,KWT,Middle East & North Africa,"Population, total",SP.POP.TOTL,2095993,2166344,2263604,2389498,2538591,2705290,2881243,3059473,3239181,3419581,3593689
Lao PDR,LAO,East Asia & Pacific,"Population, total",SP.POP.TOTL,5579003,5658894,5745012,5838837,5939634,6045439,6153153,6260544,6366909,6473050,6579985
Lebanon,LBN,Middle East & North Africa,"Population, total",SP.POP.TOTL,3701464,3863271,3986865,4057041,4085426,4109389,4181742,4337156,4388637,4440728,4493438
Liberia,LBR,Sub-Saharan Africa,"Population, total",SP.POP.TOTL,3124222,3184643,3269786,3384804,3522337,3672782,3821498,3957990,4079574,4190155,4293692
Libya,LBY,Middle East & North Africa,"Population, total",SP.POP.TOTL,5609166,5703224,5801543,5907149,6017794,6123022,6208680,6265697,6288652,6283403,6265987
St. Lucia,LCA,Latin America & Caribbean,"Population, total",SP.POP.TOTL,161767,163462,165407,167656,170146,172729,175196,177397,179278,180890,182305
Liechtenstein,LIE,Europe & Central Asia,"Population, total",SP.POP.TOTL,34290,34569,34852,35141,35431,35721,36004,36276,36537,36791,37040
Sri Lanka,LKA,South Asia,"Population, total",SP.POP.TOTL,19173000,19435000,19644000,19858000,20039000,20246000,20450000,20653000,20869000,20328000,20483000
Lesotho,LSO,Sub-Saharan Africa,"Population, total",SP.POP.TOTL,1898778,1912042,1925844,1940345,1955656,1972194,1990413,2010586,2032950,2057331,2083061
Lithuania,LTU,Europe & Central Asia,"Population, total",SP.POP.TOTL,3415213,3377075,3322528,3269909,3231294,3198231,3162916,3097282,3028115,2987773,2957689
Luxembourg,LUX,Europe & Central Asia,"Population, total",SP.POP.TOTL,451630,458095,465158,472637,479993,488650,497783,506953,518347,530946,543360
Latvia,LVA,Europe & Central Asia,"Population, total",SP.POP.TOTL,2287955,2263122,2238799,2218357,2200325,2177322,2141669,2097555,2059709,2034319,2012647
"Macao SAR, China",MAC,East Asia & Pacific,"Population, total",SP.POP.TOTL,450754,458579,468149,479728,493022,507274,521405,534626,546682,557763,568056
St. Martin (French part),MAF,Latin America & Caribbean,"Population, total",SP.POP.TOTL,27363,27514,27906,28414,28905,29376,29820,30235,30615,30959,31264
Morocco,MAR,Middle East & North Africa,"Population, total",SP.POP.TOTL,29812685,30093109,30385479,30691434,31011322,31350544,31714958,32107739,32531964,32984190,33452686
Monaco,MCO,Europe & Central Asia,"Population, total",SP.POP.TOTL,32960,33339,33808,34384,35046,35731,36351,36845,37189,37404,37528
Moldova,MDA,Europe & Central Asia,"Population, total",SP.POP.TOTL,3612874,3603945,3595187,3585209,3576910,3570108,3565604,3562045,3559986,3559519,3558566
Madagascar,MDG,Sub-Saharan Africa,"Population, total",SP.POP.TOTL,17245275,17763367,18290394,18826129,19371031,19926798,20495706,21079532,21678867,22293720,22924557
Maldives,MDV,South Asia,"Population, total",SP.POP.TOTL,294996,299917,304968,310168,315515,321026,326713,332575,338618,344817,351111
Mexico,MEX,Latin America & Caribbean,"Population, total",SP.POP.TOTL,106888418,108257822,109747906,111382857,113139374,114972821,116815612,118617542,120365271,122070963,123740109
Marshall Islands,MHL,East Asia & Pacific,"Population, total",SP.POP.TOTL,52115,52074,52058,52080,52136,52221,52321,52428,52541,52663,52786
"Macedonia, FYR",MKD,Europe & Central Asia,"Population, total",SP.POP.TOTL,2033974,2038444,2042894,2047330,2051427,2055266,2058920,2062443,2065888,2069270,2072543
Mali,MLI,Sub-Saharan Africa,"Population, total",SP.POP.TOTL,12088867,12474857,12881384,13309942,13759226,14223403,14694565,15167286,15639115,16112333,16592097
Malta,MLT,Middle East & North Africa,"Population, total",SP.POP.TOTL,398582,401268,403834,405308,406724,409379,412477,414508,416268,419455,423374
Myanmar,MMR,East Asia & Pacific,"Population, total",SP.POP.TOTL,49151958,49582751,49984704,50355559,50698814,51030006,51369725,51733013,52125411,52543841,52983829
Montenegro,MNE,Europe & Central Asia,"Population, total",SP.POP.TOTL,612267,613353,614261,615025,615875,616969,618294,619428,620079,620601,621207
Mongolia,MNG,East Asia & Pacific,"Population, total",SP.POP.TOTL,2469045,2496621,2526447,2558484,2592776,2629666,2669572,2712657,2759074,2808339,2859174
Northern Mariana Islands,MNP,East Asia & Pacific,"Population, total",SP.POP.TOTL,67562,66143,64372,62235,59791,57343,55276,53860,53234,53314,53869
Mozambique,MOZ,Sub-Saharan Africa,"Population, total",SP.POP.TOTL,19928496,20523159,21126676,21737860,22359637,22994867,23647815,24321457,25016921,25732928,26467180
Mauritania,MRT,Sub-Saharan Africa,"Population, total",SP.POP.TOTL,2974686,3064882,3154087,3241762,3328285,3414552,3501927,3591400,3683221,3777067,3872684
Mauritius,MUS,Sub-Saharan Africa,"Population, total",SP.POP.TOTL,1213370,1221003,1228254,1233996,1239630,1244121,1247429,1250400,1252404,1255882,1258653
Malawi,MWI,Sub-Saharan Africa,"Population, total",SP.POP.TOTL,12090476,12407618,12747846,13112383,13498377,13904671,14329056,14769824,15226813,15700436,16190126
Malaysia,MYS,East Asia & Pacific,"Population, total",SP.POP.TOTL,24869423,25332026,25796124,26263048,26730607,27197419,27661017,28119500,28572970,29021940,29465372
Namibia,NAM,Sub-Saharan Africa,"Population, total",SP.POP.TOTL,1980531,2002745,2027026,2053915,2083174,2115703,2152357,2193643,2240161,2291645,2346592
New Caledonia,NCL,East Asia & Pacific,"Population, total",SP.POP.TOTL,224868,228297,231779,235314,238902,242546,246245,250000,254000,258000,262000
Niger,NER,Sub-Saharan Africa,"Population, total",SP.POP.TOTL,12526725,12996012,13485436,13995530,14527631,15085130,15672194,16291990,16946485,17635782,18358863
Nigeria,NGA,Sub-Saharan Africa,"Population, total",SP.POP.TOTL,132581484,136033321,139611303,143318011,147152502,151115683,155207145,159424742,163770669,168240403,172816517
Nicaragua,NIC,Latin America & Caribbean,"Population, total",SP.POP.TOTL,5240876,5309703,5379327,5450217,5522119,5594524,5666595,5737722,5807787,5877034,5945646
Netherlands,NLD,Europe & Central Asia,"Population, total",SP.POP.TOTL,16225302,16281779,16319868,16346101,16381696,16445593,16530388,16615394,16693074,16754962,16804432
Norway,NOR,Europe & Central Asia,"Population, total",SP.POP.TOTL,4564855,4591910,4623291,4660677,4709153,4768212,4828726,4889252,4953088,5018573,5079623
Nepal,NPL,South Asia,"Population, total",SP.POP.TOTL,24868900,25198130,25506847,25794344,26063619,26325183,26592666,26875910,27179237,27500515,27834981
New Zealand,NZL,East Asia & Pacific,"Population, total",SP.POP.TOTL,4027200,4087500,4133900,4184600,4223800,4259800,4302600,4350700,4384000,4408100,4442100
Oman,OMN,Middle East & North Africa,"Population, total",SP.POP.TOTL,2385075,2448194,2506891,2553376,2593750,2652281,2762073,2943747,3210003,3545192,3906912
Pakistan,PAK,South Asia,"Population, total",SP.POP.TOTL,147251530,150267989,153356383,156524189,159767672,163096985,166520983,170043918,173669648,177392252,181192646
Panama,PAN,Latin America & Caribbean,"Population, total",SP.POP.TOTL,3202511,3260611,3319301,3378600,3438398,3498679,3559401,3620506,3681979,3743761,3805683
Peru,PER,Latin America & Caribbean,"Population, total",SP.POP.TOTL,26937737,27273188,27610406,27949958,28292768,28642048,29001563,29373644,29759891,30158768,30565461
Philippines,PHL,East Asia & Pacific,"Population, total",SP.POP.TOTL,82971734,84596249,86141373,87592899,88965508,90297115,91641881,93038902,94501233,96017322,97571676
Palau,PLW,East Asia & Pacific,"Population, total",SP.POP.TOTL,19700,19805,19907,20012,20118,20227,20344,20470,20606,20756,20919
Papua New Guinea,PNG,East Asia & Pacific,"Population, total",SP.POP.TOTL,5795571,5940048,6086905,6236158,6387470,6540267,6693799,6847517,7001172,7154870,7308864
Poland,POL,Europe & Central Asia,"Population, total",SP.POP.TOTL,38204570,38182222,38165445,38141267,38120560,38125759,38151603,38042794,38063255,38063164,38040196
Puerto Rico,PRI,Latin America & Caribbean,"Population, total",SP.POP.TOTL,3826095,3826878,3821362,3805214,3782995,3760866,3740410,3721527,3686771,3642281,3595839
"Korea, Dem. Rep.",PRK,East Asia & Pacific,"Population, total",SP.POP.TOTL,23449173,23639296,23813324,23969897,24111945,24243829,24371806,24500506,24631359,24763353,24895705
Portugal,PRT,Europe & Central Asia,"Population, total",SP.POP.TOTL,10458821,10483861,10503330,10522288,10542964,10558177,10568247,10573100,10557560,10514844,10457295
Paraguay,PRY,Latin America & Caribbean,"Population, total",SP.POP.TOTL,5607948,5703742,5795493,5882797,5966160,6047131,6127847,6209877,6293763,6379162,6465669
French Polynesia,PYF,East Asia & Pacific,"Population, total",SP.POP.TOTL,248536,251811,254884,257731,260361,262877,265412,268065,270862,273775,276766
Qatar,QAT,Middle East & North Africa,"Population, total",SP.POP.TOTL,668165,732096,836924,988448,1178955,1388962,1591151,1765513,1905437,2015624,2101288
Romania,ROU,Europe & Central Asia,"Population, total",SP.POP.TOTL,21574326,21451748,21319685,21193760,20882982,20537875,20367487,20246871,20147528,20058035,19983693
Russian Federation,RUS,Europe & Central Asia,"Population, total",SP.POP.TOTL,144648257,144067054,143518523,143049528,142805088,142742350,142785342,142849449,142960868,143201676,143506911
Rwanda,RWA,Sub-Saharan Africa,"Population, total",SP.POP.TOTL,8686469,8828956,9008230,9231041,9481083,9750314,10024594,10293669,10556429,10817350,11078095
Saudi Arabia,SAU,Middle East & North Africa,"Population, total",SP.POP.TOTL,23357887,24055573,24745230,25419994,26083522,26742842,27409491,28090647,28788438,29496047,30201051
Sudan,SDN,Sub-Saharan Africa,"Population, total",SP.POP.TOTL,30365586,31176209,31990003,32809056,33637960,34470138,35297298,36114885,36918193,37712420,38515095
Senegal,SEN,Sub-Saharan Africa,"Population, total",SP.POP.TOTL,10673320,10967016,11268994,11578430,11897230,12229703,12581624,12956791,13357003,13780108,14221041
Singapore,SGP,East Asia & Pacific,"Population, total",SP.POP.TOTL,4114800,4166700,4265800,4401400,4588600,4839400,4987600,5076700,5183700,5312400,5399200
Solomon Islands,SLB,East Asia & Pacific,"Population, total",SP.POP.TOTL,446352,457841,469306,480716,492075,503410,514767,526177,537648,549162,560685
Sierra Leone,SLE,Sub-Saharan Africa,"Population, total",SP.POP.TOTL,4647701,4870467,5071271,5243214,5391108,5521838,5647194,5775902,5908908,6043157,6178859
El Salvador,SLV,Latin America & Caribbean,"Population, total",SP.POP.TOTL,5900929,5925089,5947206,5967556,5986414,6004199,6021368,6038306,6055208,6072233,6089644
San Marino,SMR,Europe & Central Asia,"Population, total",SP.POP.TOTL,28520,28891,29242,29568,29874,30160,30431,30690,30938,31172,31391
Somalia,SOM,Sub-Saharan Africa,"Population, total",SP.POP.TOTL,8039104,8251054,8466938,8686939,8909015,9132589,9356827,9581714,9806670,10033630,10268157
Serbia,SRB,Europe & Central Asia,"Population, total",SP.POP.TOTL,7480591,7463157,7440769,7411569,7381579,7350222,7320807,7291436,7234099,7199077,7164132
South Sudan,SSD,Sub-Saharan Africa,"Population, total",SP.POP.TOTL,7499695,7784488,8099908,8445659,8815495,9208598,9623176,10056475,10510122,10980623,11453810
Sao Tome and Principe,STP,,"Population, total",SP.POP.TOTL,146357,149732,153146,156584,160064,163595,167196,170880,174646,178484,182386
Suriname,SUR,Latin America & Caribbean,"Population, total",SP.POP.TOTL,487641,489312,491999,495953,500953,506657,512522,518141,523439,528535,533450
Slovak Republic,SVK,Europe & Central Asia,"Population, total",SP.POP.TOTL,5373374,5372280,5372807,5373054,5374622,5379233,5386406,5391428,5398384,5407579,5413393
Slovenia,SVN,Europe & Central Asia,"Population, total",SP.POP.TOTL,1995733,1997012,2000474,2006868,2018122,2021316,2039669,2048583,2052843,2057159,2059953
Sweden,SWE,Europe & Central Asia,"Population, total",SP.POP.TOTL,8958229,8993531,9029572,9080505,9148092,9219637,9298515,9378126,9449213,9519374,9600379
Swaziland,SWZ,Sub-Saharan Africa,"Population, total",SP.POP.TOTL,1087949,1094775,1104642,1118204,1134853,1153750,1173529,1193148,1212458,1231694,1250641
Sint Maarten (Dutch part),SXM,Latin America & Caribbean,"Population, total",SP.POP.TOTL,33790,35316,36934,38270,39462,40458,39133,35474,33435,34640,36607
Seychelles,SYC,Sub-Saharan Africa,"Population, total",SP.POP.TOTL,82800,82500,82900,84600,85033,86956,87298,89770,87441,88303,89900
Syrian Arab Republic,SYR,Middle East & North Africa,"Population, total",SP.POP.TOTL,17304339,17671913,18132842,18728200,19425597,20097057,20566871,20720602,21070917,21427155,21789415
Turks and Caicos Islands,TCA,Latin America & Caribbean,"Population, total",SP.POP.TOTL,23412,25025,26450,27642,28638,29481,30247,30993,31727,32430,33103
Chad,TCD,Sub-Saharan Africa,"Population, total",SP.POP.TOTL,9353516,9710498,10067932,10423616,10779504,11139740,11510535,11896380,12298512,12715465,13145788
Togo,TGO,Sub-Saharan Africa,"Population, total",SP.POP.TOTL,5283246,5428552,5578219,5732175,5890414,6052937,6219761,6390851,6566179,6745581,6928719
Thailand,THA,East Asia & Pacific,"Population, total",SP.POP.TOTL,64817254,65404522,65863973,66174486,66353572,66453255,66548197,66692024,66902958,67164130,67451422
Tajikistan,TJK,Europe & Central Asia,"Population, total",SP.POP.TOTL,6532871,6666628,6805655,6949566,7099021,7254072,7414960,7581696,7753925,7930929,8111894
Turkmenistan,TKM,Europe & Central Asia,"Population, total",SP.POP.TOTL,4648036,4696876,4747839,4801594,4858235,4917541,4978960,5041995,5106672,5172941,5240088
Timor-Leste,TLS,East Asia & Pacific,"Population, total",SP.POP.TOTL,929431,962634,979201,996052,1013194,1030630,1048367,1066409,1120392,1148958,1180069
Tonga,TON,East Asia & Pacific,"Population, total",SP.POP.TOTL,99606,100226,100858,101507,102169,102816,103416,103947,104392,104769,105139
Trinidad and Tobago,TTO,Latin America & Caribbean,"Population, total",SP.POP.TOTL,1284052,1290535,1296933,1303141,1309260,1315372,1321624,1328095,1334790,1341579,1348240
Tunisia,TUN,Middle East & North Africa,"Population, total",SP.POP.TOTL,9839800,9932400,10029000,10127900,10225100,10328900,10439600,10547100,10673800,10777500,10886500
Turkey,TUR,Europe & Central Asia,"Population, total",SP.POP.TOTL,66060121,66973561,67860617,68704721,69515492,70344357,71261307,72310416,73199372,74099255,75010202
Tuvalu,TUV,East Asia & Pacific,"Population, total",SP.POP.TOTL,9590,9646,9694,9732,9764,9788,9808,9827,9844,9860,9876
"Taiwan, China",TWN,East Asia & Pacific,"Population, total",SP.POP.TOTL,,,,,,,,,,,
Tanzania,TZA,Sub-Saharan Africa,"Population, total",SP.POP.TOTL,36866228,37935334,39065600,40260847,41522004,42844744,44222113,45648525,47122998,48645709,50213457
Uganda,UGA,Sub-Saharan Africa,"Population, total",SP.POP.TOTL,26217760,27114742,28042413,29000925,29991958,31014427,32067125,33149417,34260342,35400620,36573387
Ukraine,UKR,Europe & Central Asia,"Population, total",SP.POP.TOTL,47812950,47451600,47105150,46787750,46509350,46258200,46053300,45870700,45706100,45593300,45489600
Uruguay,URY,Latin America & Caribbean,"Population, total",SP.POP.TOTL,3325637,3324096,3325608,3331041,3339750,3350832,3362761,3374414,3385610,3396753,3407969
United States,USA,North America,"Population, total",SP.POP.TOTL,290107933,292805298,295516599,298379912,301231207,304093966,306771529,309347057,311721632,314112078,316497531
Uzbekistan,UZB,Europe & Central Asia,"Population, total",SP.POP.TOTL,25567650,25864350,26167000,26488250,26868000,27302800,27767400,28562400,29339400,29774500,30243200
St. Vincent and the Grenadines,VCT,Latin America & Caribbean,"Population, total",SP.POP.TOTL,108354,108563,108749,108908,109049,109165,109255,109316,109341,109334,109327
"Venezuela, RB",VEN,Latin America & Caribbean,"Population, total",SP.POP.TOTL,25857553,26314483,26769115,27221228,27670659,28116716,28558607,28995745,29427631,29854238,30276045
Virgin Islands (U.S.),VIR,Latin America & Caribbean,"Population, total",SP.POP.TOTL,108085,107950,107863,107700,107423,107091,106707,106267,105784,105275,104737
Vietnam,VNM,East Asia & Pacific,"Population, total",SP.POP.TOTL,80467400,81436400,82392100,83311200,84218500,85118700,86025000,86932500,87840000,88772900,89708900
Vanuatu,VUT,East Asia & Pacific,"Population, total",SP.POP.TOTL,198963,204144,209375,214635,219956,225335,230782,236299,241876,247498,253165
West Bank and Gaza,PSE,Middle East & North Africa,"Population, total",SP.POP.TOTL,3154969,3236626,3320396,3406334,3494496,3596688,3702218,3811102,3927051,4046901,4169506
Samoa,WSM,East Asia & Pacific,"Population, total",SP.POP.TOTL,177677,178794,179928,181072,182238,183440,184700,186029,187434,188901,190390
"Yemen, Rep.",YEM,Middle East & North Africa,"Population, total",SP.POP.TOTL,19374012,19931617,20504385,21093973,21701105,22322699,22954226,23591972,24234940,24882792,25533217
South Africa,ZAF,Sub-Saharan Africa,"Population, total",SP.POP.TOTL,46127031,46727694,47349013,47991699,48656506,49344228,50055701,50791808,51553479,52341695,53157490
"Congo, Dem. Rep.",COD,Sub-Saharan Africa,"Population, total",SP.POP.TOTL,52602208,54314855,56089536,57926840,59834875,61809278,63845097,65938712,68087376,70291160,72552861
Zambia,ZMB,Sub-Saharan Africa,"Population, total",SP.POP.TOTL,11426006,11725635,12043591,12381509,12738676,13114579,13507849,13917439,14343526,14786581,15246086
Zimbabwe,ZWE,Sub-Saharan Africa,"Population, total",SP.POP.TOTL,12774162,12867828,12984418,13127942,13297798,13495462,13720997,13973897,14255592,14565482,14898092
